class	style	artist
katsushika-hokusai_Ukiyo_e	Ukiyo	katsushika-hokusai
katsushika-hokusai_Ukiyo_e	Ukiyo	katsushika-hokusai
katsushika-hokusai_Ukiyo_e	Ukiyo	katsushika-hokusai
katsushika-hokusai_Ukiyo_e	Ukiyo	katsushika-hokusai
katsushika-hokusai_Ukiyo_e	Ukiyo	katsushika-hokusai
katsushika-hokusai_Ukiyo_e	Ukiyo	katsushika-hokusai
katsushika-hokusai_Ukiyo_e	Ukiyo	katsushika-hokusai
katsushika-hokusai_Ukiyo_e	Ukiyo	katsushika-hokusai
katsushika-hokusai_Ukiyo_e	Ukiyo	katsushika-hokusai
katsushika-hokusai_Ukiyo_e	Ukiyo	katsushika-hokusai
katsushika-hokusai_Ukiyo_e	Ukiyo	katsushika-hokusai
katsushika-hokusai_Ukiyo_e	Ukiyo	katsushika-hokusai
katsushika-hokusai_Ukiyo_e	Ukiyo	katsushika-hokusai
katsushika-hokusai_Ukiyo_e	Ukiyo	katsushika-hokusai
katsushika-hokusai_Ukiyo_e	Ukiyo	katsushika-hokusai
katsushika-hokusai_Ukiyo_e	Ukiyo	katsushika-hokusai
katsushika-hokusai_Ukiyo_e	Ukiyo	katsushika-hokusai
katsushika-hokusai_Ukiyo_e	Ukiyo	katsushika-hokusai
katsushika-hokusai_Ukiyo_e	Ukiyo	katsushika-hokusai
katsushika-hokusai_Ukiyo_e	Ukiyo	katsushika-hokusai
katsushika-hokusai_Ukiyo_e	Ukiyo	katsushika-hokusai
katsushika-hokusai_Ukiyo_e	Ukiyo	katsushika-hokusai
katsushika-hokusai_Ukiyo_e	Ukiyo	katsushika-hokusai
katsushika-hokusai_Ukiyo_e	Ukiyo	katsushika-hokusai
katsushika-hokusai_Ukiyo_e	Ukiyo	katsushika-hokusai
katsushika-hokusai_Ukiyo_e	Ukiyo	katsushika-hokusai
katsushika-hokusai_Ukiyo_e	Ukiyo	katsushika-hokusai
katsushika-hokusai_Ukiyo_e	Ukiyo	katsushika-hokusai
katsushika-hokusai_Ukiyo_e	Ukiyo	katsushika-hokusai
katsushika-hokusai_Ukiyo_e	Ukiyo	katsushika-hokusai
katsushika-hokusai_Ukiyo_e	Ukiyo	katsushika-hokusai
katsushika-hokusai_Ukiyo_e	Ukiyo	katsushika-hokusai
katsushika-hokusai_Ukiyo_e	Ukiyo	katsushika-hokusai
katsushika-hokusai_Ukiyo_e	Ukiyo	katsushika-hokusai
katsushika-hokusai_Ukiyo_e	Ukiyo	katsushika-hokusai
katsushika-hokusai_Ukiyo_e	Ukiyo	katsushika-hokusai
katsushika-hokusai_Ukiyo_e	Ukiyo	katsushika-hokusai
katsushika-hokusai_Ukiyo_e	Ukiyo	katsushika-hokusai
katsushika-hokusai_Ukiyo_e	Ukiyo	katsushika-hokusai
katsushika-hokusai_Ukiyo_e	Ukiyo	katsushika-hokusai
katsushika-hokusai_Ukiyo_e	Ukiyo	katsushika-hokusai
katsushika-hokusai_Ukiyo_e	Ukiyo	katsushika-hokusai
katsushika-hokusai_Ukiyo_e	Ukiyo	katsushika-hokusai
katsushika-hokusai_Ukiyo_e	Ukiyo	katsushika-hokusai
katsushika-hokusai_Ukiyo_e	Ukiyo	katsushika-hokusai
katsushika-hokusai_Ukiyo_e	Ukiyo	katsushika-hokusai
katsushika-hokusai_Ukiyo_e	Ukiyo	katsushika-hokusai
katsushika-hokusai_Ukiyo_e	Ukiyo	katsushika-hokusai
katsushika-hokusai_Ukiyo_e	Ukiyo	katsushika-hokusai
katsushika-hokusai_Ukiyo_e	Ukiyo	katsushika-hokusai
katsushika-hokusai_Ukiyo_e	Ukiyo	katsushika-hokusai
katsushika-hokusai_Ukiyo_e	Ukiyo	katsushika-hokusai
katsushika-hokusai_Ukiyo_e	Ukiyo	katsushika-hokusai
katsushika-hokusai_Ukiyo_e	Ukiyo	katsushika-hokusai
katsushika-hokusai_Ukiyo_e	Ukiyo	katsushika-hokusai
katsushika-hokusai_Ukiyo_e	Ukiyo	katsushika-hokusai
katsushika-hokusai_Ukiyo_e	Ukiyo	katsushika-hokusai
katsushika-hokusai_Ukiyo_e	Ukiyo	katsushika-hokusai
katsushika-hokusai_Ukiyo_e	Ukiyo	katsushika-hokusai
katsushika-hokusai_Ukiyo_e	Ukiyo	katsushika-hokusai
katsushika-hokusai_Ukiyo_e	Ukiyo	katsushika-hokusai
katsushika-hokusai_Ukiyo_e	Ukiyo	katsushika-hokusai
katsushika-hokusai_Ukiyo_e	Ukiyo	katsushika-hokusai
katsushika-hokusai_Ukiyo_e	Ukiyo	katsushika-hokusai
katsushika-hokusai_Ukiyo_e	Ukiyo	katsushika-hokusai
katsushika-hokusai_Ukiyo_e	Ukiyo	katsushika-hokusai
katsushika-hokusai_Ukiyo_e	Ukiyo	katsushika-hokusai
katsushika-hokusai_Ukiyo_e	Ukiyo	katsushika-hokusai
katsushika-hokusai_Ukiyo_e	Ukiyo	katsushika-hokusai
katsushika-hokusai_Ukiyo_e	Ukiyo	katsushika-hokusai
katsushika-hokusai_Ukiyo_e	Ukiyo	katsushika-hokusai
katsushika-hokusai_Ukiyo_e	Ukiyo	katsushika-hokusai
katsushika-hokusai_Ukiyo_e	Ukiyo	katsushika-hokusai
katsushika-hokusai_Ukiyo_e	Ukiyo	katsushika-hokusai
katsushika-hokusai_Ukiyo_e	Ukiyo	katsushika-hokusai
katsushika-hokusai_Ukiyo_e	Ukiyo	katsushika-hokusai
katsushika-hokusai_Ukiyo_e	Ukiyo	katsushika-hokusai
katsushika-hokusai_Ukiyo_e	Ukiyo	katsushika-hokusai
katsushika-hokusai_Ukiyo_e	Ukiyo	katsushika-hokusai
katsushika-hokusai_Ukiyo_e	Ukiyo	katsushika-hokusai
katsushika-hokusai_Ukiyo_e	Ukiyo	katsushika-hokusai
katsushika-hokusai_Ukiyo_e	Ukiyo	katsushika-hokusai
katsushika-hokusai_Ukiyo_e	Ukiyo	katsushika-hokusai
katsushika-hokusai_Ukiyo_e	Ukiyo	katsushika-hokusai
katsushika-hokusai_Ukiyo_e	Ukiyo	katsushika-hokusai
katsushika-hokusai_Ukiyo_e	Ukiyo	katsushika-hokusai
katsushika-hokusai_Ukiyo_e	Ukiyo	katsushika-hokusai
katsushika-hokusai_Ukiyo_e	Ukiyo	katsushika-hokusai
katsushika-hokusai_Ukiyo_e	Ukiyo	katsushika-hokusai
katsushika-hokusai_Ukiyo_e	Ukiyo	katsushika-hokusai
katsushika-hokusai_Ukiyo_e	Ukiyo	katsushika-hokusai
katsushika-hokusai_Ukiyo_e	Ukiyo	katsushika-hokusai
katsushika-hokusai_Ukiyo_e	Ukiyo	katsushika-hokusai
katsushika-hokusai_Ukiyo_e	Ukiyo	katsushika-hokusai
katsushika-hokusai_Ukiyo_e	Ukiyo	katsushika-hokusai
katsushika-hokusai_Ukiyo_e	Ukiyo	katsushika-hokusai
katsushika-hokusai_Ukiyo_e	Ukiyo	katsushika-hokusai
katsushika-hokusai_Ukiyo_e	Ukiyo	katsushika-hokusai
katsushika-hokusai_Ukiyo_e	Ukiyo	katsushika-hokusai
katsushika-hokusai_Ukiyo_e	Ukiyo	katsushika-hokusai
katsushika-hokusai_Ukiyo_e	Ukiyo	katsushika-hokusai
katsushika-hokusai_Ukiyo_e	Ukiyo	katsushika-hokusai
katsushika-hokusai_Ukiyo_e	Ukiyo	katsushika-hokusai
katsushika-hokusai_Ukiyo_e	Ukiyo	katsushika-hokusai
katsushika-hokusai_Ukiyo_e	Ukiyo	katsushika-hokusai
katsushika-hokusai_Ukiyo_e	Ukiyo	katsushika-hokusai
katsushika-hokusai_Ukiyo_e	Ukiyo	katsushika-hokusai
katsushika-hokusai_Ukiyo_e	Ukiyo	katsushika-hokusai
katsushika-hokusai_Ukiyo_e	Ukiyo	katsushika-hokusai
katsushika-hokusai_Ukiyo_e	Ukiyo	katsushika-hokusai
katsushika-hokusai_Ukiyo_e	Ukiyo	katsushika-hokusai
katsushika-hokusai_Ukiyo_e	Ukiyo	katsushika-hokusai
katsushika-hokusai_Ukiyo_e	Ukiyo	katsushika-hokusai
katsushika-hokusai_Ukiyo_e	Ukiyo	katsushika-hokusai
katsushika-hokusai_Ukiyo_e	Ukiyo	katsushika-hokusai
katsushika-hokusai_Ukiyo_e	Ukiyo	katsushika-hokusai
katsushika-hokusai_Ukiyo_e	Ukiyo	katsushika-hokusai
katsushika-hokusai_Ukiyo_e	Ukiyo	katsushika-hokusai
katsushika-hokusai_Ukiyo_e	Ukiyo	katsushika-hokusai
katsushika-hokusai_Ukiyo_e	Ukiyo	katsushika-hokusai
katsushika-hokusai_Ukiyo_e	Ukiyo	katsushika-hokusai
katsushika-hokusai_Ukiyo_e	Ukiyo	katsushika-hokusai
katsushika-hokusai_Ukiyo_e	Ukiyo	katsushika-hokusai
katsushika-hokusai_Ukiyo_e	Ukiyo	katsushika-hokusai
katsushika-hokusai_Ukiyo_e	Ukiyo	katsushika-hokusai
katsushika-hokusai_Ukiyo_e	Ukiyo	katsushika-hokusai
katsushika-hokusai_Ukiyo_e	Ukiyo	katsushika-hokusai
katsushika-hokusai_Ukiyo_e	Ukiyo	katsushika-hokusai
katsushika-hokusai_Ukiyo_e	Ukiyo	katsushika-hokusai
katsushika-hokusai_Ukiyo_e	Ukiyo	katsushika-hokusai
katsushika-hokusai_Ukiyo_e	Ukiyo	katsushika-hokusai
katsushika-hokusai_Ukiyo_e	Ukiyo	katsushika-hokusai
katsushika-hokusai_Ukiyo_e	Ukiyo	katsushika-hokusai
katsushika-hokusai_Ukiyo_e	Ukiyo	katsushika-hokusai
katsushika-hokusai_Ukiyo_e	Ukiyo	katsushika-hokusai
katsushika-hokusai_Ukiyo_e	Ukiyo	katsushika-hokusai
katsushika-hokusai_Ukiyo_e	Ukiyo	katsushika-hokusai
katsushika-hokusai_Ukiyo_e	Ukiyo	katsushika-hokusai
katsushika-hokusai_Ukiyo_e	Ukiyo	katsushika-hokusai
katsushika-hokusai_Ukiyo_e	Ukiyo	katsushika-hokusai
katsushika-hokusai_Ukiyo_e	Ukiyo	katsushika-hokusai
katsushika-hokusai_Ukiyo_e	Ukiyo	katsushika-hokusai
katsushika-hokusai_Ukiyo_e	Ukiyo	katsushika-hokusai
katsushika-hokusai_Ukiyo_e	Ukiyo	katsushika-hokusai
katsushika-hokusai_Ukiyo_e	Ukiyo	katsushika-hokusai
katsushika-hokusai_Ukiyo_e	Ukiyo	katsushika-hokusai
katsushika-hokusai_Ukiyo_e	Ukiyo	katsushika-hokusai
katsushika-hokusai_Ukiyo_e	Ukiyo	katsushika-hokusai
katsushika-hokusai_Ukiyo_e	Ukiyo	katsushika-hokusai
katsushika-hokusai_Ukiyo_e	Ukiyo	katsushika-hokusai
katsushika-hokusai_Ukiyo_e	Ukiyo	katsushika-hokusai
katsushika-hokusai_Ukiyo_e	Ukiyo	katsushika-hokusai
katsushika-hokusai_Ukiyo_e	Ukiyo	katsushika-hokusai
katsushika-hokusai_Ukiyo_e	Ukiyo	katsushika-hokusai
katsushika-hokusai_Ukiyo_e	Ukiyo	katsushika-hokusai
katsushika-hokusai_Ukiyo_e	Ukiyo	katsushika-hokusai
katsushika-hokusai_Ukiyo_e	Ukiyo	katsushika-hokusai
katsushika-hokusai_Ukiyo_e	Ukiyo	katsushika-hokusai
katsushika-hokusai_Ukiyo_e	Ukiyo	katsushika-hokusai
katsushika-hokusai_Ukiyo_e	Ukiyo	katsushika-hokusai
katsushika-hokusai_Ukiyo_e	Ukiyo	katsushika-hokusai
katsushika-hokusai_Ukiyo_e	Ukiyo	katsushika-hokusai
katsushika-hokusai_Ukiyo_e	Ukiyo	katsushika-hokusai
katsushika-hokusai_Ukiyo_e	Ukiyo	katsushika-hokusai
katsushika-hokusai_Ukiyo_e	Ukiyo	katsushika-hokusai
katsushika-hokusai_Ukiyo_e	Ukiyo	katsushika-hokusai
katsushika-hokusai_Ukiyo_e	Ukiyo	katsushika-hokusai
katsushika-hokusai_Ukiyo_e	Ukiyo	katsushika-hokusai
katsushika-hokusai_Ukiyo_e	Ukiyo	katsushika-hokusai
katsushika-hokusai_Ukiyo_e	Ukiyo	katsushika-hokusai
katsushika-hokusai_Ukiyo_e	Ukiyo	katsushika-hokusai
katsushika-hokusai_Ukiyo_e	Ukiyo	katsushika-hokusai
katsushika-hokusai_Ukiyo_e	Ukiyo	katsushika-hokusai
katsushika-hokusai_Ukiyo_e	Ukiyo	katsushika-hokusai
katsushika-hokusai_Ukiyo_e	Ukiyo	katsushika-hokusai
katsushika-hokusai_Ukiyo_e	Ukiyo	katsushika-hokusai
katsushika-hokusai_Ukiyo_e	Ukiyo	katsushika-hokusai
katsushika-hokusai_Ukiyo_e	Ukiyo	katsushika-hokusai
katsushika-hokusai_Ukiyo_e	Ukiyo	katsushika-hokusai
katsushika-hokusai_Ukiyo_e	Ukiyo	katsushika-hokusai
katsushika-hokusai_Ukiyo_e	Ukiyo	katsushika-hokusai
katsushika-hokusai_Ukiyo_e	Ukiyo	katsushika-hokusai
katsushika-hokusai_Ukiyo_e	Ukiyo	katsushika-hokusai
katsushika-hokusai_Ukiyo_e	Ukiyo	katsushika-hokusai
katsushika-hokusai_Ukiyo_e	Ukiyo	katsushika-hokusai
katsushika-hokusai_Ukiyo_e	Ukiyo	katsushika-hokusai
katsushika-hokusai_Ukiyo_e	Ukiyo	katsushika-hokusai
katsushika-hokusai_Ukiyo_e	Ukiyo	katsushika-hokusai
katsushika-hokusai_Ukiyo_e	Ukiyo	katsushika-hokusai
katsushika-hokusai_Ukiyo_e	Ukiyo	katsushika-hokusai
katsushika-hokusai_Ukiyo_e	Ukiyo	katsushika-hokusai
katsushika-hokusai_Ukiyo_e	Ukiyo	katsushika-hokusai
katsushika-hokusai_Ukiyo_e	Ukiyo	katsushika-hokusai
katsushika-hokusai_Ukiyo_e	Ukiyo	katsushika-hokusai
katsushika-hokusai_Ukiyo_e	Ukiyo	katsushika-hokusai
katsushika-hokusai_Ukiyo_e	Ukiyo	katsushika-hokusai
katsushika-hokusai_Ukiyo_e	Ukiyo	katsushika-hokusai
katsushika-hokusai_Ukiyo_e	Ukiyo	katsushika-hokusai
katsushika-hokusai_Ukiyo_e	Ukiyo	katsushika-hokusai
katsushika-hokusai_Ukiyo_e	Ukiyo	katsushika-hokusai
katsushika-hokusai_Ukiyo_e	Ukiyo	katsushika-hokusai
katsushika-hokusai_Ukiyo_e	Ukiyo	katsushika-hokusai
katsushika-hokusai_Ukiyo_e	Ukiyo	katsushika-hokusai
katsushika-hokusai_Ukiyo_e	Ukiyo	katsushika-hokusai
katsushika-hokusai_Ukiyo_e	Ukiyo	katsushika-hokusai
katsushika-hokusai_Ukiyo_e	Ukiyo	katsushika-hokusai
katsushika-hokusai_Ukiyo_e	Ukiyo	katsushika-hokusai
katsushika-hokusai_Ukiyo_e	Ukiyo	katsushika-hokusai
katsushika-hokusai_Ukiyo_e	Ukiyo	katsushika-hokusai
katsushika-hokusai_Ukiyo_e	Ukiyo	katsushika-hokusai
katsushika-hokusai_Ukiyo_e	Ukiyo	katsushika-hokusai
katsushika-hokusai_Ukiyo_e	Ukiyo	katsushika-hokusai
katsushika-hokusai_Ukiyo_e	Ukiyo	katsushika-hokusai
katsushika-hokusai_Ukiyo_e	Ukiyo	katsushika-hokusai
katsushika-hokusai_Ukiyo_e	Ukiyo	katsushika-hokusai
katsushika-hokusai_Ukiyo_e	Ukiyo	katsushika-hokusai
katsushika-hokusai_Ukiyo_e	Ukiyo	katsushika-hokusai
katsushika-hokusai_Ukiyo_e	Ukiyo	katsushika-hokusai
katsushika-hokusai_Ukiyo_e	Ukiyo	katsushika-hokusai
katsushika-hokusai_Ukiyo_e	Ukiyo	katsushika-hokusai
katsushika-hokusai_Ukiyo_e	Ukiyo	katsushika-hokusai
katsushika-hokusai_Ukiyo_e	Ukiyo	katsushika-hokusai
katsushika-hokusai_Ukiyo_e	Ukiyo	katsushika-hokusai
katsushika-hokusai_Ukiyo_e	Ukiyo	katsushika-hokusai
katsushika-hokusai_Ukiyo_e	Ukiyo	katsushika-hokusai
katsushika-hokusai_Ukiyo_e	Ukiyo	katsushika-hokusai
katsushika-hokusai_Ukiyo_e	Ukiyo	katsushika-hokusai
katsushika-hokusai_Ukiyo_e	Ukiyo	katsushika-hokusai
katsushika-hokusai_Ukiyo_e	Ukiyo	katsushika-hokusai
katsushika-hokusai_Ukiyo_e	Ukiyo	katsushika-hokusai
katsushika-hokusai_Ukiyo_e	Ukiyo	katsushika-hokusai
katsushika-hokusai_Ukiyo_e	Ukiyo	katsushika-hokusai
katsushika-hokusai_Ukiyo_e	Ukiyo	katsushika-hokusai
katsushika-hokusai_Ukiyo_e	Ukiyo	katsushika-hokusai
katsushika-hokusai_Ukiyo_e	Ukiyo	katsushika-hokusai
katsushika-hokusai_Ukiyo_e	Ukiyo	katsushika-hokusai
katsushika-hokusai_Ukiyo_e	Ukiyo	katsushika-hokusai
katsushika-hokusai_Ukiyo_e	Ukiyo	katsushika-hokusai
katsushika-hokusai_Ukiyo_e	Ukiyo	katsushika-hokusai
katsushika-hokusai_Ukiyo_e	Ukiyo	katsushika-hokusai
katsushika-hokusai_Ukiyo_e	Ukiyo	katsushika-hokusai
katsushika-hokusai_Ukiyo_e	Ukiyo	katsushika-hokusai
katsushika-hokusai_Ukiyo_e	Ukiyo	katsushika-hokusai
katsushika-hokusai_Ukiyo_e	Ukiyo	katsushika-hokusai
katsushika-hokusai_Ukiyo_e	Ukiyo	katsushika-hokusai
katsushika-hokusai_Ukiyo_e	Ukiyo	katsushika-hokusai
katsushika-hokusai_Ukiyo_e	Ukiyo	katsushika-hokusai
katsushika-hokusai_Ukiyo_e	Ukiyo	katsushika-hokusai
katsushika-hokusai_Ukiyo_e	Ukiyo	katsushika-hokusai
claude-monet_Impressionism	Impressionism	claude-monet
claude-monet_Impressionism	Impressionism	claude-monet
claude-monet_Impressionism	Impressionism	claude-monet
claude-monet_Impressionism	Impressionism	claude-monet
claude-monet_Impressionism	Impressionism	claude-monet
claude-monet_Impressionism	Impressionism	claude-monet
claude-monet_Impressionism	Impressionism	claude-monet
claude-monet_Impressionism	Impressionism	claude-monet
claude-monet_Impressionism	Impressionism	claude-monet
claude-monet_Impressionism	Impressionism	claude-monet
claude-monet_Impressionism	Impressionism	claude-monet
claude-monet_Impressionism	Impressionism	claude-monet
claude-monet_Impressionism	Impressionism	claude-monet
claude-monet_Impressionism	Impressionism	claude-monet
claude-monet_Impressionism	Impressionism	claude-monet
claude-monet_Impressionism	Impressionism	claude-monet
claude-monet_Impressionism	Impressionism	claude-monet
claude-monet_Impressionism	Impressionism	claude-monet
claude-monet_Impressionism	Impressionism	claude-monet
claude-monet_Impressionism	Impressionism	claude-monet
claude-monet_Impressionism	Impressionism	claude-monet
claude-monet_Impressionism	Impressionism	claude-monet
claude-monet_Impressionism	Impressionism	claude-monet
claude-monet_Impressionism	Impressionism	claude-monet
claude-monet_Impressionism	Impressionism	claude-monet
claude-monet_Impressionism	Impressionism	claude-monet
claude-monet_Impressionism	Impressionism	claude-monet
claude-monet_Impressionism	Impressionism	claude-monet
claude-monet_Impressionism	Impressionism	claude-monet
claude-monet_Impressionism	Impressionism	claude-monet
claude-monet_Impressionism	Impressionism	claude-monet
claude-monet_Impressionism	Impressionism	claude-monet
claude-monet_Impressionism	Impressionism	claude-monet
claude-monet_Impressionism	Impressionism	claude-monet
claude-monet_Impressionism	Impressionism	claude-monet
claude-monet_Impressionism	Impressionism	claude-monet
claude-monet_Impressionism	Impressionism	claude-monet
claude-monet_Impressionism	Impressionism	claude-monet
claude-monet_Impressionism	Impressionism	claude-monet
claude-monet_Impressionism	Impressionism	claude-monet
claude-monet_Impressionism	Impressionism	claude-monet
claude-monet_Impressionism	Impressionism	claude-monet
claude-monet_Impressionism	Impressionism	claude-monet
claude-monet_Impressionism	Impressionism	claude-monet
claude-monet_Impressionism	Impressionism	claude-monet
claude-monet_Impressionism	Impressionism	claude-monet
claude-monet_Impressionism	Impressionism	claude-monet
claude-monet_Impressionism	Impressionism	claude-monet
claude-monet_Impressionism	Impressionism	claude-monet
claude-monet_Impressionism	Impressionism	claude-monet
claude-monet_Impressionism	Impressionism	claude-monet
claude-monet_Impressionism	Impressionism	claude-monet
claude-monet_Impressionism	Impressionism	claude-monet
claude-monet_Impressionism	Impressionism	claude-monet
claude-monet_Impressionism	Impressionism	claude-monet
claude-monet_Impressionism	Impressionism	claude-monet
claude-monet_Impressionism	Impressionism	claude-monet
claude-monet_Impressionism	Impressionism	claude-monet
claude-monet_Impressionism	Impressionism	claude-monet
claude-monet_Impressionism	Impressionism	claude-monet
claude-monet_Impressionism	Impressionism	claude-monet
claude-monet_Impressionism	Impressionism	claude-monet
claude-monet_Impressionism	Impressionism	claude-monet
claude-monet_Impressionism	Impressionism	claude-monet
claude-monet_Impressionism	Impressionism	claude-monet
claude-monet_Impressionism	Impressionism	claude-monet
claude-monet_Impressionism	Impressionism	claude-monet
claude-monet_Impressionism	Impressionism	claude-monet
claude-monet_Impressionism	Impressionism	claude-monet
claude-monet_Impressionism	Impressionism	claude-monet
claude-monet_Impressionism	Impressionism	claude-monet
claude-monet_Impressionism	Impressionism	claude-monet
claude-monet_Impressionism	Impressionism	claude-monet
claude-monet_Impressionism	Impressionism	claude-monet
claude-monet_Impressionism	Impressionism	claude-monet
claude-monet_Impressionism	Impressionism	claude-monet
claude-monet_Impressionism	Impressionism	claude-monet
claude-monet_Impressionism	Impressionism	claude-monet
claude-monet_Impressionism	Impressionism	claude-monet
claude-monet_Impressionism	Impressionism	claude-monet
claude-monet_Impressionism	Impressionism	claude-monet
claude-monet_Impressionism	Impressionism	claude-monet
claude-monet_Impressionism	Impressionism	claude-monet
claude-monet_Impressionism	Impressionism	claude-monet
claude-monet_Impressionism	Impressionism	claude-monet
claude-monet_Impressionism	Impressionism	claude-monet
claude-monet_Impressionism	Impressionism	claude-monet
claude-monet_Impressionism	Impressionism	claude-monet
claude-monet_Impressionism	Impressionism	claude-monet
claude-monet_Impressionism	Impressionism	claude-monet
claude-monet_Impressionism	Impressionism	claude-monet
claude-monet_Impressionism	Impressionism	claude-monet
claude-monet_Impressionism	Impressionism	claude-monet
claude-monet_Impressionism	Impressionism	claude-monet
claude-monet_Impressionism	Impressionism	claude-monet
claude-monet_Impressionism	Impressionism	claude-monet
claude-monet_Impressionism	Impressionism	claude-monet
claude-monet_Impressionism	Impressionism	claude-monet
claude-monet_Impressionism	Impressionism	claude-monet
claude-monet_Impressionism	Impressionism	claude-monet
claude-monet_Impressionism	Impressionism	claude-monet
claude-monet_Impressionism	Impressionism	claude-monet
claude-monet_Impressionism	Impressionism	claude-monet
claude-monet_Impressionism	Impressionism	claude-monet
claude-monet_Impressionism	Impressionism	claude-monet
claude-monet_Impressionism	Impressionism	claude-monet
claude-monet_Impressionism	Impressionism	claude-monet
claude-monet_Impressionism	Impressionism	claude-monet
claude-monet_Impressionism	Impressionism	claude-monet
claude-monet_Impressionism	Impressionism	claude-monet
claude-monet_Impressionism	Impressionism	claude-monet
claude-monet_Impressionism	Impressionism	claude-monet
claude-monet_Impressionism	Impressionism	claude-monet
claude-monet_Impressionism	Impressionism	claude-monet
claude-monet_Impressionism	Impressionism	claude-monet
claude-monet_Impressionism	Impressionism	claude-monet
claude-monet_Impressionism	Impressionism	claude-monet
claude-monet_Impressionism	Impressionism	claude-monet
claude-monet_Impressionism	Impressionism	claude-monet
claude-monet_Impressionism	Impressionism	claude-monet
claude-monet_Impressionism	Impressionism	claude-monet
claude-monet_Impressionism	Impressionism	claude-monet
claude-monet_Impressionism	Impressionism	claude-monet
claude-monet_Impressionism	Impressionism	claude-monet
claude-monet_Impressionism	Impressionism	claude-monet
claude-monet_Impressionism	Impressionism	claude-monet
claude-monet_Impressionism	Impressionism	claude-monet
claude-monet_Impressionism	Impressionism	claude-monet
claude-monet_Impressionism	Impressionism	claude-monet
claude-monet_Impressionism	Impressionism	claude-monet
claude-monet_Impressionism	Impressionism	claude-monet
claude-monet_Impressionism	Impressionism	claude-monet
claude-monet_Impressionism	Impressionism	claude-monet
claude-monet_Impressionism	Impressionism	claude-monet
claude-monet_Impressionism	Impressionism	claude-monet
claude-monet_Impressionism	Impressionism	claude-monet
claude-monet_Impressionism	Impressionism	claude-monet
claude-monet_Impressionism	Impressionism	claude-monet
claude-monet_Impressionism	Impressionism	claude-monet
claude-monet_Impressionism	Impressionism	claude-monet
claude-monet_Impressionism	Impressionism	claude-monet
claude-monet_Impressionism	Impressionism	claude-monet
claude-monet_Impressionism	Impressionism	claude-monet
claude-monet_Impressionism	Impressionism	claude-monet
claude-monet_Impressionism	Impressionism	claude-monet
claude-monet_Impressionism	Impressionism	claude-monet
claude-monet_Impressionism	Impressionism	claude-monet
claude-monet_Impressionism	Impressionism	claude-monet
claude-monet_Impressionism	Impressionism	claude-monet
claude-monet_Impressionism	Impressionism	claude-monet
claude-monet_Impressionism	Impressionism	claude-monet
claude-monet_Impressionism	Impressionism	claude-monet
claude-monet_Impressionism	Impressionism	claude-monet
claude-monet_Impressionism	Impressionism	claude-monet
claude-monet_Impressionism	Impressionism	claude-monet
claude-monet_Impressionism	Impressionism	claude-monet
claude-monet_Impressionism	Impressionism	claude-monet
claude-monet_Impressionism	Impressionism	claude-monet
claude-monet_Impressionism	Impressionism	claude-monet
claude-monet_Impressionism	Impressionism	claude-monet
claude-monet_Impressionism	Impressionism	claude-monet
claude-monet_Impressionism	Impressionism	claude-monet
claude-monet_Impressionism	Impressionism	claude-monet
claude-monet_Impressionism	Impressionism	claude-monet
claude-monet_Impressionism	Impressionism	claude-monet
claude-monet_Impressionism	Impressionism	claude-monet
claude-monet_Impressionism	Impressionism	claude-monet
claude-monet_Impressionism	Impressionism	claude-monet
claude-monet_Impressionism	Impressionism	claude-monet
claude-monet_Impressionism	Impressionism	claude-monet
claude-monet_Impressionism	Impressionism	claude-monet
claude-monet_Impressionism	Impressionism	claude-monet
claude-monet_Impressionism	Impressionism	claude-monet
claude-monet_Impressionism	Impressionism	claude-monet
claude-monet_Impressionism	Impressionism	claude-monet
claude-monet_Impressionism	Impressionism	claude-monet
claude-monet_Impressionism	Impressionism	claude-monet
claude-monet_Impressionism	Impressionism	claude-monet
claude-monet_Impressionism	Impressionism	claude-monet
claude-monet_Impressionism	Impressionism	claude-monet
claude-monet_Impressionism	Impressionism	claude-monet
claude-monet_Impressionism	Impressionism	claude-monet
claude-monet_Impressionism	Impressionism	claude-monet
claude-monet_Impressionism	Impressionism	claude-monet
claude-monet_Impressionism	Impressionism	claude-monet
claude-monet_Impressionism	Impressionism	claude-monet
claude-monet_Impressionism	Impressionism	claude-monet
claude-monet_Impressionism	Impressionism	claude-monet
claude-monet_Impressionism	Impressionism	claude-monet
claude-monet_Impressionism	Impressionism	claude-monet
claude-monet_Impressionism	Impressionism	claude-monet
claude-monet_Impressionism	Impressionism	claude-monet
claude-monet_Impressionism	Impressionism	claude-monet
claude-monet_Impressionism	Impressionism	claude-monet
claude-monet_Impressionism	Impressionism	claude-monet
claude-monet_Impressionism	Impressionism	claude-monet
claude-monet_Impressionism	Impressionism	claude-monet
claude-monet_Impressionism	Impressionism	claude-monet
claude-monet_Impressionism	Impressionism	claude-monet
claude-monet_Impressionism	Impressionism	claude-monet
claude-monet_Impressionism	Impressionism	claude-monet
claude-monet_Impressionism	Impressionism	claude-monet
claude-monet_Impressionism	Impressionism	claude-monet
claude-monet_Impressionism	Impressionism	claude-monet
claude-monet_Impressionism	Impressionism	claude-monet
claude-monet_Impressionism	Impressionism	claude-monet
claude-monet_Impressionism	Impressionism	claude-monet
claude-monet_Impressionism	Impressionism	claude-monet
claude-monet_Impressionism	Impressionism	claude-monet
claude-monet_Impressionism	Impressionism	claude-monet
claude-monet_Impressionism	Impressionism	claude-monet
claude-monet_Impressionism	Impressionism	claude-monet
claude-monet_Impressionism	Impressionism	claude-monet
claude-monet_Impressionism	Impressionism	claude-monet
claude-monet_Impressionism	Impressionism	claude-monet
claude-monet_Impressionism	Impressionism	claude-monet
claude-monet_Impressionism	Impressionism	claude-monet
claude-monet_Impressionism	Impressionism	claude-monet
claude-monet_Impressionism	Impressionism	claude-monet
claude-monet_Impressionism	Impressionism	claude-monet
claude-monet_Impressionism	Impressionism	claude-monet
claude-monet_Impressionism	Impressionism	claude-monet
claude-monet_Impressionism	Impressionism	claude-monet
claude-monet_Impressionism	Impressionism	claude-monet
claude-monet_Impressionism	Impressionism	claude-monet
claude-monet_Impressionism	Impressionism	claude-monet
claude-monet_Impressionism	Impressionism	claude-monet
claude-monet_Impressionism	Impressionism	claude-monet
claude-monet_Impressionism	Impressionism	claude-monet
claude-monet_Impressionism	Impressionism	claude-monet
claude-monet_Impressionism	Impressionism	claude-monet
claude-monet_Impressionism	Impressionism	claude-monet
claude-monet_Impressionism	Impressionism	claude-monet
claude-monet_Impressionism	Impressionism	claude-monet
claude-monet_Impressionism	Impressionism	claude-monet
claude-monet_Impressionism	Impressionism	claude-monet
claude-monet_Impressionism	Impressionism	claude-monet
claude-monet_Impressionism	Impressionism	claude-monet
claude-monet_Impressionism	Impressionism	claude-monet
claude-monet_Impressionism	Impressionism	claude-monet
claude-monet_Impressionism	Impressionism	claude-monet
claude-monet_Impressionism	Impressionism	claude-monet
claude-monet_Impressionism	Impressionism	claude-monet
claude-monet_Impressionism	Impressionism	claude-monet
claude-monet_Impressionism	Impressionism	claude-monet
claude-monet_Impressionism	Impressionism	claude-monet
claude-monet_Impressionism	Impressionism	claude-monet
claude-monet_Impressionism	Impressionism	claude-monet
claude-monet_Impressionism	Impressionism	claude-monet
claude-monet_Impressionism	Impressionism	claude-monet
claude-monet_Impressionism	Impressionism	claude-monet
claude-monet_Impressionism	Impressionism	claude-monet
claude-monet_Impressionism	Impressionism	claude-monet
claude-monet_Impressionism	Impressionism	claude-monet
claude-monet_Impressionism	Impressionism	claude-monet
claude-monet_Impressionism	Impressionism	claude-monet
claude-monet_Impressionism	Impressionism	claude-monet
claude-monet_Impressionism	Impressionism	claude-monet
claude-monet_Impressionism	Impressionism	claude-monet
claude-monet_Impressionism	Impressionism	claude-monet
claude-monet_Impressionism	Impressionism	claude-monet
claude-monet_Impressionism	Impressionism	claude-monet
claude-monet_Impressionism	Impressionism	claude-monet
claude-monet_Impressionism	Impressionism	claude-monet
claude-monet_Impressionism	Impressionism	claude-monet
claude-monet_Impressionism	Impressionism	claude-monet
claude-monet_Impressionism	Impressionism	claude-monet
claude-monet_Impressionism	Impressionism	claude-monet
claude-monet_Impressionism	Impressionism	claude-monet
claude-monet_Impressionism	Impressionism	claude-monet
claude-monet_Impressionism	Impressionism	claude-monet
claude-monet_Impressionism	Impressionism	claude-monet
claude-monet_Impressionism	Impressionism	claude-monet
claude-monet_Impressionism	Impressionism	claude-monet
claude-monet_Impressionism	Impressionism	claude-monet
claude-monet_Impressionism	Impressionism	claude-monet
claude-monet_Impressionism	Impressionism	claude-monet
claude-monet_Impressionism	Impressionism	claude-monet
claude-monet_Impressionism	Impressionism	claude-monet
claude-monet_Impressionism	Impressionism	claude-monet
claude-monet_Impressionism	Impressionism	claude-monet
claude-monet_Impressionism	Impressionism	claude-monet
claude-monet_Impressionism	Impressionism	claude-monet
claude-monet_Impressionism	Impressionism	claude-monet
claude-monet_Impressionism	Impressionism	claude-monet
claude-monet_Impressionism	Impressionism	claude-monet
claude-monet_Impressionism	Impressionism	claude-monet
claude-monet_Impressionism	Impressionism	claude-monet
claude-monet_Impressionism	Impressionism	claude-monet
claude-monet_Impressionism	Impressionism	claude-monet
claude-monet_Impressionism	Impressionism	claude-monet
claude-monet_Impressionism	Impressionism	claude-monet
claude-monet_Impressionism	Impressionism	claude-monet
claude-monet_Impressionism	Impressionism	claude-monet
claude-monet_Impressionism	Impressionism	claude-monet
claude-monet_Impressionism	Impressionism	claude-monet
claude-monet_Impressionism	Impressionism	claude-monet
claude-monet_Impressionism	Impressionism	claude-monet
claude-monet_Impressionism	Impressionism	claude-monet
claude-monet_Impressionism	Impressionism	claude-monet
claude-monet_Impressionism	Impressionism	claude-monet
claude-monet_Impressionism	Impressionism	claude-monet
claude-monet_Impressionism	Impressionism	claude-monet
claude-monet_Impressionism	Impressionism	claude-monet
claude-monet_Impressionism	Impressionism	claude-monet
claude-monet_Impressionism	Impressionism	claude-monet
claude-monet_Impressionism	Impressionism	claude-monet
claude-monet_Impressionism	Impressionism	claude-monet
claude-monet_Impressionism	Impressionism	claude-monet
claude-monet_Impressionism	Impressionism	claude-monet
claude-monet_Impressionism	Impressionism	claude-monet
claude-monet_Impressionism	Impressionism	claude-monet
claude-monet_Impressionism	Impressionism	claude-monet
claude-monet_Impressionism	Impressionism	claude-monet
claude-monet_Impressionism	Impressionism	claude-monet
claude-monet_Impressionism	Impressionism	claude-monet
claude-monet_Impressionism	Impressionism	claude-monet
claude-monet_Impressionism	Impressionism	claude-monet
claude-monet_Impressionism	Impressionism	claude-monet
claude-monet_Impressionism	Impressionism	claude-monet
claude-monet_Impressionism	Impressionism	claude-monet
claude-monet_Impressionism	Impressionism	claude-monet
claude-monet_Impressionism	Impressionism	claude-monet
claude-monet_Impressionism	Impressionism	claude-monet
claude-monet_Impressionism	Impressionism	claude-monet
claude-monet_Impressionism	Impressionism	claude-monet
claude-monet_Impressionism	Impressionism	claude-monet
claude-monet_Impressionism	Impressionism	claude-monet
claude-monet_Impressionism	Impressionism	claude-monet
claude-monet_Impressionism	Impressionism	claude-monet
claude-monet_Impressionism	Impressionism	claude-monet
claude-monet_Impressionism	Impressionism	claude-monet
claude-monet_Impressionism	Impressionism	claude-monet
claude-monet_Impressionism	Impressionism	claude-monet
claude-monet_Impressionism	Impressionism	claude-monet
claude-monet_Impressionism	Impressionism	claude-monet
claude-monet_Impressionism	Impressionism	claude-monet
claude-monet_Impressionism	Impressionism	claude-monet
claude-monet_Impressionism	Impressionism	claude-monet
claude-monet_Impressionism	Impressionism	claude-monet
claude-monet_Impressionism	Impressionism	claude-monet
claude-monet_Impressionism	Impressionism	claude-monet
claude-monet_Impressionism	Impressionism	claude-monet
claude-monet_Impressionism	Impressionism	claude-monet
claude-monet_Impressionism	Impressionism	claude-monet
claude-monet_Impressionism	Impressionism	claude-monet
claude-monet_Impressionism	Impressionism	claude-monet
claude-monet_Impressionism	Impressionism	claude-monet
claude-monet_Impressionism	Impressionism	claude-monet
claude-monet_Impressionism	Impressionism	claude-monet
claude-monet_Impressionism	Impressionism	claude-monet
claude-monet_Impressionism	Impressionism	claude-monet
claude-monet_Impressionism	Impressionism	claude-monet
claude-monet_Impressionism	Impressionism	claude-monet
claude-monet_Impressionism	Impressionism	claude-monet
claude-monet_Impressionism	Impressionism	claude-monet
claude-monet_Impressionism	Impressionism	claude-monet
claude-monet_Impressionism	Impressionism	claude-monet
claude-monet_Impressionism	Impressionism	claude-monet
claude-monet_Impressionism	Impressionism	claude-monet
claude-monet_Impressionism	Impressionism	claude-monet
claude-monet_Impressionism	Impressionism	claude-monet
claude-monet_Impressionism	Impressionism	claude-monet
claude-monet_Impressionism	Impressionism	claude-monet
claude-monet_Impressionism	Impressionism	claude-monet
claude-monet_Impressionism	Impressionism	claude-monet
claude-monet_Impressionism	Impressionism	claude-monet
claude-monet_Impressionism	Impressionism	claude-monet
claude-monet_Impressionism	Impressionism	claude-monet
claude-monet_Impressionism	Impressionism	claude-monet
claude-monet_Impressionism	Impressionism	claude-monet
claude-monet_Impressionism	Impressionism	claude-monet
claude-monet_Impressionism	Impressionism	claude-monet
claude-monet_Impressionism	Impressionism	claude-monet
claude-monet_Impressionism	Impressionism	claude-monet
claude-monet_Impressionism	Impressionism	claude-monet
claude-monet_Impressionism	Impressionism	claude-monet
claude-monet_Impressionism	Impressionism	claude-monet
claude-monet_Impressionism	Impressionism	claude-monet
claude-monet_Impressionism	Impressionism	claude-monet
claude-monet_Impressionism	Impressionism	claude-monet
claude-monet_Impressionism	Impressionism	claude-monet
claude-monet_Impressionism	Impressionism	claude-monet
claude-monet_Impressionism	Impressionism	claude-monet
claude-monet_Impressionism	Impressionism	claude-monet
claude-monet_Impressionism	Impressionism	claude-monet
claude-monet_Impressionism	Impressionism	claude-monet
claude-monet_Impressionism	Impressionism	claude-monet
claude-monet_Impressionism	Impressionism	claude-monet
claude-monet_Impressionism	Impressionism	claude-monet
claude-monet_Impressionism	Impressionism	claude-monet
claude-monet_Impressionism	Impressionism	claude-monet
claude-monet_Impressionism	Impressionism	claude-monet
claude-monet_Impressionism	Impressionism	claude-monet
claude-monet_Impressionism	Impressionism	claude-monet
claude-monet_Impressionism	Impressionism	claude-monet
claude-monet_Impressionism	Impressionism	claude-monet
claude-monet_Impressionism	Impressionism	claude-monet
claude-monet_Impressionism	Impressionism	claude-monet
claude-monet_Impressionism	Impressionism	claude-monet
claude-monet_Impressionism	Impressionism	claude-monet
claude-monet_Impressionism	Impressionism	claude-monet
claude-monet_Impressionism	Impressionism	claude-monet
claude-monet_Impressionism	Impressionism	claude-monet
claude-monet_Impressionism	Impressionism	claude-monet
claude-monet_Impressionism	Impressionism	claude-monet
claude-monet_Impressionism	Impressionism	claude-monet
claude-monet_Impressionism	Impressionism	claude-monet
claude-monet_Impressionism	Impressionism	claude-monet
claude-monet_Impressionism	Impressionism	claude-monet
claude-monet_Impressionism	Impressionism	claude-monet
claude-monet_Impressionism	Impressionism	claude-monet
claude-monet_Impressionism	Impressionism	claude-monet
claude-monet_Impressionism	Impressionism	claude-monet
claude-monet_Impressionism	Impressionism	claude-monet
claude-monet_Impressionism	Impressionism	claude-monet
claude-monet_Impressionism	Impressionism	claude-monet
claude-monet_Impressionism	Impressionism	claude-monet
claude-monet_Impressionism	Impressionism	claude-monet
claude-monet_Impressionism	Impressionism	claude-monet
claude-monet_Impressionism	Impressionism	claude-monet
claude-monet_Impressionism	Impressionism	claude-monet
claude-monet_Impressionism	Impressionism	claude-monet
claude-monet_Impressionism	Impressionism	claude-monet
claude-monet_Impressionism	Impressionism	claude-monet
claude-monet_Impressionism	Impressionism	claude-monet
claude-monet_Impressionism	Impressionism	claude-monet
claude-monet_Impressionism	Impressionism	claude-monet
claude-monet_Impressionism	Impressionism	claude-monet
claude-monet_Impressionism	Impressionism	claude-monet
claude-monet_Impressionism	Impressionism	claude-monet
claude-monet_Impressionism	Impressionism	claude-monet
claude-monet_Impressionism	Impressionism	claude-monet
claude-monet_Impressionism	Impressionism	claude-monet
claude-monet_Impressionism	Impressionism	claude-monet
claude-monet_Impressionism	Impressionism	claude-monet
claude-monet_Impressionism	Impressionism	claude-monet
claude-monet_Impressionism	Impressionism	claude-monet
claude-monet_Impressionism	Impressionism	claude-monet
claude-monet_Impressionism	Impressionism	claude-monet
claude-monet_Impressionism	Impressionism	claude-monet
claude-monet_Impressionism	Impressionism	claude-monet
claude-monet_Impressionism	Impressionism	claude-monet
claude-monet_Impressionism	Impressionism	claude-monet
claude-monet_Impressionism	Impressionism	claude-monet
claude-monet_Impressionism	Impressionism	claude-monet
claude-monet_Impressionism	Impressionism	claude-monet
claude-monet_Impressionism	Impressionism	claude-monet
claude-monet_Impressionism	Impressionism	claude-monet
claude-monet_Impressionism	Impressionism	claude-monet
claude-monet_Impressionism	Impressionism	claude-monet
claude-monet_Impressionism	Impressionism	claude-monet
claude-monet_Impressionism	Impressionism	claude-monet
claude-monet_Impressionism	Impressionism	claude-monet
claude-monet_Impressionism	Impressionism	claude-monet
claude-monet_Impressionism	Impressionism	claude-monet
claude-monet_Impressionism	Impressionism	claude-monet
claude-monet_Impressionism	Impressionism	claude-monet
claude-monet_Impressionism	Impressionism	claude-monet
claude-monet_Impressionism	Impressionism	claude-monet
claude-monet_Impressionism	Impressionism	claude-monet
claude-monet_Impressionism	Impressionism	claude-monet
claude-monet_Impressionism	Impressionism	claude-monet
claude-monet_Impressionism	Impressionism	claude-monet
claude-monet_Impressionism	Impressionism	claude-monet
claude-monet_Impressionism	Impressionism	claude-monet
claude-monet_Impressionism	Impressionism	claude-monet
claude-monet_Impressionism	Impressionism	claude-monet
claude-monet_Impressionism	Impressionism	claude-monet
claude-monet_Impressionism	Impressionism	claude-monet
claude-monet_Impressionism	Impressionism	claude-monet
claude-monet_Impressionism	Impressionism	claude-monet
claude-monet_Impressionism	Impressionism	claude-monet
claude-monet_Impressionism	Impressionism	claude-monet
claude-monet_Impressionism	Impressionism	claude-monet
claude-monet_Impressionism	Impressionism	claude-monet
claude-monet_Impressionism	Impressionism	claude-monet
claude-monet_Impressionism	Impressionism	claude-monet
claude-monet_Impressionism	Impressionism	claude-monet
claude-monet_Impressionism	Impressionism	claude-monet
claude-monet_Impressionism	Impressionism	claude-monet
claude-monet_Impressionism	Impressionism	claude-monet
claude-monet_Impressionism	Impressionism	claude-monet
claude-monet_Impressionism	Impressionism	claude-monet
claude-monet_Impressionism	Impressionism	claude-monet
claude-monet_Impressionism	Impressionism	claude-monet
claude-monet_Impressionism	Impressionism	claude-monet
claude-monet_Impressionism	Impressionism	claude-monet
claude-monet_Impressionism	Impressionism	claude-monet
claude-monet_Impressionism	Impressionism	claude-monet
claude-monet_Impressionism	Impressionism	claude-monet
claude-monet_Impressionism	Impressionism	claude-monet
claude-monet_Impressionism	Impressionism	claude-monet
claude-monet_Impressionism	Impressionism	claude-monet
claude-monet_Impressionism	Impressionism	claude-monet
claude-monet_Impressionism	Impressionism	claude-monet
claude-monet_Impressionism	Impressionism	claude-monet
claude-monet_Impressionism	Impressionism	claude-monet
claude-monet_Impressionism	Impressionism	claude-monet
claude-monet_Impressionism	Impressionism	claude-monet
claude-monet_Impressionism	Impressionism	claude-monet
claude-monet_Impressionism	Impressionism	claude-monet
claude-monet_Impressionism	Impressionism	claude-monet
claude-monet_Impressionism	Impressionism	claude-monet
claude-monet_Impressionism	Impressionism	claude-monet
claude-monet_Impressionism	Impressionism	claude-monet
claude-monet_Impressionism	Impressionism	claude-monet
claude-monet_Impressionism	Impressionism	claude-monet
claude-monet_Impressionism	Impressionism	claude-monet
claude-monet_Impressionism	Impressionism	claude-monet
claude-monet_Impressionism	Impressionism	claude-monet
claude-monet_Impressionism	Impressionism	claude-monet
claude-monet_Impressionism	Impressionism	claude-monet
claude-monet_Impressionism	Impressionism	claude-monet
claude-monet_Impressionism	Impressionism	claude-monet
claude-monet_Impressionism	Impressionism	claude-monet
claude-monet_Impressionism	Impressionism	claude-monet
claude-monet_Impressionism	Impressionism	claude-monet
claude-monet_Impressionism	Impressionism	claude-monet
claude-monet_Impressionism	Impressionism	claude-monet
claude-monet_Impressionism	Impressionism	claude-monet
claude-monet_Impressionism	Impressionism	claude-monet
claude-monet_Impressionism	Impressionism	claude-monet
claude-monet_Impressionism	Impressionism	claude-monet
claude-monet_Impressionism	Impressionism	claude-monet
claude-monet_Impressionism	Impressionism	claude-monet
claude-monet_Impressionism	Impressionism	claude-monet
claude-monet_Impressionism	Impressionism	claude-monet
claude-monet_Impressionism	Impressionism	claude-monet
claude-monet_Impressionism	Impressionism	claude-monet
claude-monet_Impressionism	Impressionism	claude-monet
claude-monet_Impressionism	Impressionism	claude-monet
claude-monet_Impressionism	Impressionism	claude-monet
claude-monet_Impressionism	Impressionism	claude-monet
claude-monet_Impressionism	Impressionism	claude-monet
claude-monet_Impressionism	Impressionism	claude-monet
claude-monet_Impressionism	Impressionism	claude-monet
claude-monet_Impressionism	Impressionism	claude-monet
claude-monet_Impressionism	Impressionism	claude-monet
claude-monet_Impressionism	Impressionism	claude-monet
claude-monet_Impressionism	Impressionism	claude-monet
claude-monet_Impressionism	Impressionism	claude-monet
claude-monet_Impressionism	Impressionism	claude-monet
claude-monet_Impressionism	Impressionism	claude-monet
claude-monet_Impressionism	Impressionism	claude-monet
claude-monet_Impressionism	Impressionism	claude-monet
claude-monet_Impressionism	Impressionism	claude-monet
claude-monet_Impressionism	Impressionism	claude-monet
claude-monet_Impressionism	Impressionism	claude-monet
claude-monet_Impressionism	Impressionism	claude-monet
claude-monet_Impressionism	Impressionism	claude-monet
claude-monet_Impressionism	Impressionism	claude-monet
claude-monet_Impressionism	Impressionism	claude-monet
claude-monet_Impressionism	Impressionism	claude-monet
claude-monet_Impressionism	Impressionism	claude-monet
claude-monet_Impressionism	Impressionism	claude-monet
claude-monet_Impressionism	Impressionism	claude-monet
claude-monet_Impressionism	Impressionism	claude-monet
claude-monet_Impressionism	Impressionism	claude-monet
claude-monet_Impressionism	Impressionism	claude-monet
claude-monet_Impressionism	Impressionism	claude-monet
claude-monet_Impressionism	Impressionism	claude-monet
claude-monet_Impressionism	Impressionism	claude-monet
claude-monet_Impressionism	Impressionism	claude-monet
claude-monet_Impressionism	Impressionism	claude-monet
claude-monet_Impressionism	Impressionism	claude-monet
claude-monet_Impressionism	Impressionism	claude-monet
claude-monet_Impressionism	Impressionism	claude-monet
claude-monet_Impressionism	Impressionism	claude-monet
claude-monet_Impressionism	Impressionism	claude-monet
claude-monet_Impressionism	Impressionism	claude-monet
claude-monet_Impressionism	Impressionism	claude-monet
claude-monet_Impressionism	Impressionism	claude-monet
claude-monet_Impressionism	Impressionism	claude-monet
claude-monet_Impressionism	Impressionism	claude-monet
claude-monet_Impressionism	Impressionism	claude-monet
claude-monet_Impressionism	Impressionism	claude-monet
claude-monet_Impressionism	Impressionism	claude-monet
claude-monet_Impressionism	Impressionism	claude-monet
claude-monet_Impressionism	Impressionism	claude-monet
claude-monet_Impressionism	Impressionism	claude-monet
claude-monet_Impressionism	Impressionism	claude-monet
claude-monet_Impressionism	Impressionism	claude-monet
claude-monet_Impressionism	Impressionism	claude-monet
claude-monet_Impressionism	Impressionism	claude-monet
claude-monet_Impressionism	Impressionism	claude-monet
claude-monet_Impressionism	Impressionism	claude-monet
claude-monet_Impressionism	Impressionism	claude-monet
claude-monet_Impressionism	Impressionism	claude-monet
claude-monet_Impressionism	Impressionism	claude-monet
claude-monet_Impressionism	Impressionism	claude-monet
claude-monet_Impressionism	Impressionism	claude-monet
claude-monet_Impressionism	Impressionism	claude-monet
claude-monet_Impressionism	Impressionism	claude-monet
claude-monet_Impressionism	Impressionism	claude-monet
claude-monet_Impressionism	Impressionism	claude-monet
claude-monet_Impressionism	Impressionism	claude-monet
claude-monet_Impressionism	Impressionism	claude-monet
claude-monet_Impressionism	Impressionism	claude-monet
claude-monet_Impressionism	Impressionism	claude-monet
claude-monet_Impressionism	Impressionism	claude-monet
claude-monet_Impressionism	Impressionism	claude-monet
claude-monet_Impressionism	Impressionism	claude-monet
claude-monet_Impressionism	Impressionism	claude-monet
claude-monet_Impressionism	Impressionism	claude-monet
claude-monet_Impressionism	Impressionism	claude-monet
claude-monet_Impressionism	Impressionism	claude-monet
claude-monet_Impressionism	Impressionism	claude-monet
claude-monet_Impressionism	Impressionism	claude-monet
claude-monet_Impressionism	Impressionism	claude-monet
claude-monet_Impressionism	Impressionism	claude-monet
claude-monet_Impressionism	Impressionism	claude-monet
claude-monet_Impressionism	Impressionism	claude-monet
claude-monet_Impressionism	Impressionism	claude-monet
claude-monet_Impressionism	Impressionism	claude-monet
claude-monet_Impressionism	Impressionism	claude-monet
claude-monet_Impressionism	Impressionism	claude-monet
claude-monet_Impressionism	Impressionism	claude-monet
claude-monet_Impressionism	Impressionism	claude-monet
claude-monet_Impressionism	Impressionism	claude-monet
claude-monet_Impressionism	Impressionism	claude-monet
claude-monet_Impressionism	Impressionism	claude-monet
claude-monet_Impressionism	Impressionism	claude-monet
claude-monet_Impressionism	Impressionism	claude-monet
claude-monet_Impressionism	Impressionism	claude-monet
claude-monet_Impressionism	Impressionism	claude-monet
claude-monet_Impressionism	Impressionism	claude-monet
claude-monet_Impressionism	Impressionism	claude-monet
claude-monet_Impressionism	Impressionism	claude-monet
claude-monet_Impressionism	Impressionism	claude-monet
claude-monet_Impressionism	Impressionism	claude-monet
claude-monet_Impressionism	Impressionism	claude-monet
claude-monet_Impressionism	Impressionism	claude-monet
claude-monet_Impressionism	Impressionism	claude-monet
claude-monet_Impressionism	Impressionism	claude-monet
claude-monet_Impressionism	Impressionism	claude-monet
claude-monet_Impressionism	Impressionism	claude-monet
claude-monet_Impressionism	Impressionism	claude-monet
claude-monet_Impressionism	Impressionism	claude-monet
claude-monet_Impressionism	Impressionism	claude-monet
claude-monet_Impressionism	Impressionism	claude-monet
claude-monet_Impressionism	Impressionism	claude-monet
claude-monet_Impressionism	Impressionism	claude-monet
claude-monet_Impressionism	Impressionism	claude-monet
claude-monet_Impressionism	Impressionism	claude-monet
claude-monet_Impressionism	Impressionism	claude-monet
claude-monet_Impressionism	Impressionism	claude-monet
claude-monet_Impressionism	Impressionism	claude-monet
claude-monet_Impressionism	Impressionism	claude-monet
claude-monet_Impressionism	Impressionism	claude-monet
claude-monet_Impressionism	Impressionism	claude-monet
claude-monet_Impressionism	Impressionism	claude-monet
claude-monet_Impressionism	Impressionism	claude-monet
claude-monet_Impressionism	Impressionism	claude-monet
claude-monet_Impressionism	Impressionism	claude-monet
claude-monet_Impressionism	Impressionism	claude-monet
claude-monet_Impressionism	Impressionism	claude-monet
claude-monet_Impressionism	Impressionism	claude-monet
claude-monet_Impressionism	Impressionism	claude-monet
claude-monet_Impressionism	Impressionism	claude-monet
claude-monet_Impressionism	Impressionism	claude-monet
claude-monet_Impressionism	Impressionism	claude-monet
claude-monet_Impressionism	Impressionism	claude-monet
claude-monet_Impressionism	Impressionism	claude-monet
claude-monet_Impressionism	Impressionism	claude-monet
claude-monet_Impressionism	Impressionism	claude-monet
claude-monet_Impressionism	Impressionism	claude-monet
claude-monet_Impressionism	Impressionism	claude-monet
claude-monet_Impressionism	Impressionism	claude-monet
claude-monet_Impressionism	Impressionism	claude-monet
claude-monet_Impressionism	Impressionism	claude-monet
claude-monet_Impressionism	Impressionism	claude-monet
claude-monet_Impressionism	Impressionism	claude-monet
claude-monet_Impressionism	Impressionism	claude-monet
claude-monet_Impressionism	Impressionism	claude-monet
claude-monet_Impressionism	Impressionism	claude-monet
claude-monet_Impressionism	Impressionism	claude-monet
claude-monet_Impressionism	Impressionism	claude-monet
claude-monet_Impressionism	Impressionism	claude-monet
claude-monet_Impressionism	Impressionism	claude-monet
claude-monet_Impressionism	Impressionism	claude-monet
claude-monet_Impressionism	Impressionism	claude-monet
claude-monet_Impressionism	Impressionism	claude-monet
claude-monet_Impressionism	Impressionism	claude-monet
claude-monet_Impressionism	Impressionism	claude-monet
claude-monet_Impressionism	Impressionism	claude-monet
claude-monet_Impressionism	Impressionism	claude-monet
claude-monet_Impressionism	Impressionism	claude-monet
claude-monet_Impressionism	Impressionism	claude-monet
claude-monet_Impressionism	Impressionism	claude-monet
claude-monet_Impressionism	Impressionism	claude-monet
claude-monet_Impressionism	Impressionism	claude-monet
claude-monet_Impressionism	Impressionism	claude-monet
claude-monet_Impressionism	Impressionism	claude-monet
claude-monet_Impressionism	Impressionism	claude-monet
claude-monet_Impressionism	Impressionism	claude-monet
claude-monet_Impressionism	Impressionism	claude-monet
claude-monet_Impressionism	Impressionism	claude-monet
claude-monet_Impressionism	Impressionism	claude-monet
claude-monet_Impressionism	Impressionism	claude-monet
claude-monet_Impressionism	Impressionism	claude-monet
claude-monet_Impressionism	Impressionism	claude-monet
claude-monet_Impressionism	Impressionism	claude-monet
claude-monet_Impressionism	Impressionism	claude-monet
claude-monet_Impressionism	Impressionism	claude-monet
claude-monet_Impressionism	Impressionism	claude-monet
claude-monet_Impressionism	Impressionism	claude-monet
claude-monet_Impressionism	Impressionism	claude-monet
claude-monet_Impressionism	Impressionism	claude-monet
claude-monet_Impressionism	Impressionism	claude-monet
claude-monet_Impressionism	Impressionism	claude-monet
claude-monet_Impressionism	Impressionism	claude-monet
claude-monet_Impressionism	Impressionism	claude-monet
claude-monet_Impressionism	Impressionism	claude-monet
claude-monet_Impressionism	Impressionism	claude-monet
claude-monet_Impressionism	Impressionism	claude-monet
claude-monet_Impressionism	Impressionism	claude-monet
claude-monet_Impressionism	Impressionism	claude-monet
claude-monet_Impressionism	Impressionism	claude-monet
claude-monet_Impressionism	Impressionism	claude-monet
claude-monet_Impressionism	Impressionism	claude-monet
claude-monet_Impressionism	Impressionism	claude-monet
claude-monet_Impressionism	Impressionism	claude-monet
claude-monet_Impressionism	Impressionism	claude-monet
claude-monet_Impressionism	Impressionism	claude-monet
claude-monet_Impressionism	Impressionism	claude-monet
claude-monet_Impressionism	Impressionism	claude-monet
claude-monet_Impressionism	Impressionism	claude-monet
claude-monet_Impressionism	Impressionism	claude-monet
claude-monet_Impressionism	Impressionism	claude-monet
claude-monet_Impressionism	Impressionism	claude-monet
claude-monet_Impressionism	Impressionism	claude-monet
claude-monet_Impressionism	Impressionism	claude-monet
claude-monet_Impressionism	Impressionism	claude-monet
claude-monet_Impressionism	Impressionism	claude-monet
claude-monet_Impressionism	Impressionism	claude-monet
claude-monet_Impressionism	Impressionism	claude-monet
claude-monet_Impressionism	Impressionism	claude-monet
claude-monet_Impressionism	Impressionism	claude-monet
claude-monet_Impressionism	Impressionism	claude-monet
claude-monet_Impressionism	Impressionism	claude-monet
claude-monet_Impressionism	Impressionism	claude-monet
claude-monet_Impressionism	Impressionism	claude-monet
claude-monet_Impressionism	Impressionism	claude-monet
claude-monet_Impressionism	Impressionism	claude-monet
claude-monet_Impressionism	Impressionism	claude-monet
claude-monet_Impressionism	Impressionism	claude-monet
claude-monet_Impressionism	Impressionism	claude-monet
claude-monet_Impressionism	Impressionism	claude-monet
claude-monet_Impressionism	Impressionism	claude-monet
claude-monet_Impressionism	Impressionism	claude-monet
claude-monet_Impressionism	Impressionism	claude-monet
claude-monet_Impressionism	Impressionism	claude-monet
claude-monet_Impressionism	Impressionism	claude-monet
claude-monet_Impressionism	Impressionism	claude-monet
claude-monet_Impressionism	Impressionism	claude-monet
claude-monet_Impressionism	Impressionism	claude-monet
claude-monet_Impressionism	Impressionism	claude-monet
claude-monet_Impressionism	Impressionism	claude-monet
claude-monet_Impressionism	Impressionism	claude-monet
claude-monet_Impressionism	Impressionism	claude-monet
claude-monet_Impressionism	Impressionism	claude-monet
claude-monet_Impressionism	Impressionism	claude-monet
claude-monet_Impressionism	Impressionism	claude-monet
claude-monet_Impressionism	Impressionism	claude-monet
claude-monet_Impressionism	Impressionism	claude-monet
claude-monet_Impressionism	Impressionism	claude-monet
claude-monet_Impressionism	Impressionism	claude-monet
claude-monet_Impressionism	Impressionism	claude-monet
claude-monet_Impressionism	Impressionism	claude-monet
claude-monet_Impressionism	Impressionism	claude-monet
claude-monet_Impressionism	Impressionism	claude-monet
claude-monet_Impressionism	Impressionism	claude-monet
claude-monet_Impressionism	Impressionism	claude-monet
claude-monet_Impressionism	Impressionism	claude-monet
claude-monet_Impressionism	Impressionism	claude-monet
claude-monet_Impressionism	Impressionism	claude-monet
claude-monet_Impressionism	Impressionism	claude-monet
claude-monet_Impressionism	Impressionism	claude-monet
claude-monet_Impressionism	Impressionism	claude-monet
claude-monet_Impressionism	Impressionism	claude-monet
claude-monet_Impressionism	Impressionism	claude-monet
claude-monet_Impressionism	Impressionism	claude-monet
claude-monet_Impressionism	Impressionism	claude-monet
claude-monet_Impressionism	Impressionism	claude-monet
claude-monet_Impressionism	Impressionism	claude-monet
claude-monet_Impressionism	Impressionism	claude-monet
claude-monet_Impressionism	Impressionism	claude-monet
claude-monet_Impressionism	Impressionism	claude-monet
claude-monet_Impressionism	Impressionism	claude-monet
claude-monet_Impressionism	Impressionism	claude-monet
claude-monet_Impressionism	Impressionism	claude-monet
claude-monet_Impressionism	Impressionism	claude-monet
claude-monet_Impressionism	Impressionism	claude-monet
claude-monet_Impressionism	Impressionism	claude-monet
claude-monet_Impressionism	Impressionism	claude-monet
claude-monet_Impressionism	Impressionism	claude-monet
claude-monet_Impressionism	Impressionism	claude-monet
claude-monet_Impressionism	Impressionism	claude-monet
claude-monet_Impressionism	Impressionism	claude-monet
claude-monet_Impressionism	Impressionism	claude-monet
claude-monet_Impressionism	Impressionism	claude-monet
claude-monet_Impressionism	Impressionism	claude-monet
claude-monet_Impressionism	Impressionism	claude-monet
claude-monet_Impressionism	Impressionism	claude-monet
claude-monet_Impressionism	Impressionism	claude-monet
claude-monet_Impressionism	Impressionism	claude-monet
claude-monet_Impressionism	Impressionism	claude-monet
claude-monet_Impressionism	Impressionism	claude-monet
claude-monet_Impressionism	Impressionism	claude-monet
claude-monet_Impressionism	Impressionism	claude-monet
claude-monet_Impressionism	Impressionism	claude-monet
claude-monet_Impressionism	Impressionism	claude-monet
claude-monet_Impressionism	Impressionism	claude-monet
claude-monet_Impressionism	Impressionism	claude-monet
claude-monet_Impressionism	Impressionism	claude-monet
claude-monet_Impressionism	Impressionism	claude-monet
claude-monet_Impressionism	Impressionism	claude-monet
claude-monet_Impressionism	Impressionism	claude-monet
claude-monet_Impressionism	Impressionism	claude-monet
claude-monet_Impressionism	Impressionism	claude-monet
claude-monet_Impressionism	Impressionism	claude-monet
claude-monet_Impressionism	Impressionism	claude-monet
claude-monet_Impressionism	Impressionism	claude-monet
claude-monet_Impressionism	Impressionism	claude-monet
claude-monet_Impressionism	Impressionism	claude-monet
claude-monet_Impressionism	Impressionism	claude-monet
claude-monet_Impressionism	Impressionism	claude-monet
claude-monet_Impressionism	Impressionism	claude-monet
claude-monet_Impressionism	Impressionism	claude-monet
claude-monet_Impressionism	Impressionism	claude-monet
claude-monet_Impressionism	Impressionism	claude-monet
claude-monet_Impressionism	Impressionism	claude-monet
claude-monet_Impressionism	Impressionism	claude-monet
claude-monet_Impressionism	Impressionism	claude-monet
claude-monet_Impressionism	Impressionism	claude-monet
claude-monet_Impressionism	Impressionism	claude-monet
claude-monet_Impressionism	Impressionism	claude-monet
claude-monet_Impressionism	Impressionism	claude-monet
claude-monet_Impressionism	Impressionism	claude-monet
claude-monet_Impressionism	Impressionism	claude-monet
claude-monet_Impressionism	Impressionism	claude-monet
claude-monet_Impressionism	Impressionism	claude-monet
claude-monet_Impressionism	Impressionism	claude-monet
claude-monet_Impressionism	Impressionism	claude-monet
claude-monet_Impressionism	Impressionism	claude-monet
claude-monet_Impressionism	Impressionism	claude-monet
claude-monet_Impressionism	Impressionism	claude-monet
claude-monet_Impressionism	Impressionism	claude-monet
claude-monet_Impressionism	Impressionism	claude-monet
claude-monet_Impressionism	Impressionism	claude-monet
claude-monet_Impressionism	Impressionism	claude-monet
claude-monet_Impressionism	Impressionism	claude-monet
claude-monet_Impressionism	Impressionism	claude-monet
claude-monet_Impressionism	Impressionism	claude-monet
claude-monet_Impressionism	Impressionism	claude-monet
claude-monet_Impressionism	Impressionism	claude-monet
claude-monet_Impressionism	Impressionism	claude-monet
claude-monet_Impressionism	Impressionism	claude-monet
claude-monet_Impressionism	Impressionism	claude-monet
claude-monet_Impressionism	Impressionism	claude-monet
claude-monet_Impressionism	Impressionism	claude-monet
claude-monet_Impressionism	Impressionism	claude-monet
claude-monet_Impressionism	Impressionism	claude-monet
claude-monet_Impressionism	Impressionism	claude-monet
claude-monet_Impressionism	Impressionism	claude-monet
claude-monet_Impressionism	Impressionism	claude-monet
claude-monet_Impressionism	Impressionism	claude-monet
claude-monet_Impressionism	Impressionism	claude-monet
claude-monet_Impressionism	Impressionism	claude-monet
claude-monet_Impressionism	Impressionism	claude-monet
claude-monet_Impressionism	Impressionism	claude-monet
claude-monet_Impressionism	Impressionism	claude-monet
claude-monet_Impressionism	Impressionism	claude-monet
claude-monet_Impressionism	Impressionism	claude-monet
claude-monet_Impressionism	Impressionism	claude-monet
claude-monet_Impressionism	Impressionism	claude-monet
claude-monet_Impressionism	Impressionism	claude-monet
claude-monet_Impressionism	Impressionism	claude-monet
claude-monet_Impressionism	Impressionism	claude-monet
claude-monet_Impressionism	Impressionism	claude-monet
claude-monet_Impressionism	Impressionism	claude-monet
claude-monet_Impressionism	Impressionism	claude-monet
claude-monet_Impressionism	Impressionism	claude-monet
claude-monet_Impressionism	Impressionism	claude-monet
claude-monet_Impressionism	Impressionism	claude-monet
claude-monet_Impressionism	Impressionism	claude-monet
claude-monet_Impressionism	Impressionism	claude-monet
claude-monet_Impressionism	Impressionism	claude-monet
claude-monet_Impressionism	Impressionism	claude-monet
claude-monet_Impressionism	Impressionism	claude-monet
claude-monet_Impressionism	Impressionism	claude-monet
claude-monet_Impressionism	Impressionism	claude-monet
claude-monet_Impressionism	Impressionism	claude-monet
claude-monet_Impressionism	Impressionism	claude-monet
claude-monet_Impressionism	Impressionism	claude-monet
claude-monet_Impressionism	Impressionism	claude-monet
claude-monet_Impressionism	Impressionism	claude-monet
claude-monet_Impressionism	Impressionism	claude-monet
claude-monet_Impressionism	Impressionism	claude-monet
claude-monet_Impressionism	Impressionism	claude-monet
claude-monet_Impressionism	Impressionism	claude-monet
claude-monet_Impressionism	Impressionism	claude-monet
claude-monet_Impressionism	Impressionism	claude-monet
claude-monet_Impressionism	Impressionism	claude-monet
claude-monet_Impressionism	Impressionism	claude-monet
claude-monet_Impressionism	Impressionism	claude-monet
claude-monet_Impressionism	Impressionism	claude-monet
claude-monet_Impressionism	Impressionism	claude-monet
claude-monet_Impressionism	Impressionism	claude-monet
claude-monet_Impressionism	Impressionism	claude-monet
claude-monet_Impressionism	Impressionism	claude-monet
claude-monet_Impressionism	Impressionism	claude-monet
claude-monet_Impressionism	Impressionism	claude-monet
claude-monet_Impressionism	Impressionism	claude-monet
claude-monet_Impressionism	Impressionism	claude-monet
claude-monet_Impressionism	Impressionism	claude-monet
claude-monet_Impressionism	Impressionism	claude-monet
claude-monet_Impressionism	Impressionism	claude-monet
claude-monet_Impressionism	Impressionism	claude-monet
claude-monet_Impressionism	Impressionism	claude-monet
claude-monet_Impressionism	Impressionism	claude-monet
claude-monet_Impressionism	Impressionism	claude-monet
claude-monet_Impressionism	Impressionism	claude-monet
claude-monet_Impressionism	Impressionism	claude-monet
claude-monet_Impressionism	Impressionism	claude-monet
claude-monet_Impressionism	Impressionism	claude-monet
claude-monet_Impressionism	Impressionism	claude-monet
claude-monet_Impressionism	Impressionism	claude-monet
claude-monet_Impressionism	Impressionism	claude-monet
claude-monet_Impressionism	Impressionism	claude-monet
claude-monet_Impressionism	Impressionism	claude-monet
claude-monet_Impressionism	Impressionism	claude-monet
claude-monet_Impressionism	Impressionism	claude-monet
claude-monet_Impressionism	Impressionism	claude-monet
claude-monet_Impressionism	Impressionism	claude-monet
claude-monet_Impressionism	Impressionism	claude-monet
claude-monet_Impressionism	Impressionism	claude-monet
claude-monet_Impressionism	Impressionism	claude-monet
claude-monet_Impressionism	Impressionism	claude-monet
claude-monet_Impressionism	Impressionism	claude-monet
claude-monet_Impressionism	Impressionism	claude-monet
claude-monet_Impressionism	Impressionism	claude-monet
claude-monet_Impressionism	Impressionism	claude-monet
claude-monet_Impressionism	Impressionism	claude-monet
claude-monet_Impressionism	Impressionism	claude-monet
claude-monet_Impressionism	Impressionism	claude-monet
claude-monet_Impressionism	Impressionism	claude-monet
claude-monet_Impressionism	Impressionism	claude-monet
claude-monet_Impressionism	Impressionism	claude-monet
claude-monet_Impressionism	Impressionism	claude-monet
claude-monet_Impressionism	Impressionism	claude-monet
claude-monet_Impressionism	Impressionism	claude-monet
claude-monet_Impressionism	Impressionism	claude-monet
claude-monet_Impressionism	Impressionism	claude-monet
claude-monet_Impressionism	Impressionism	claude-monet
claude-monet_Impressionism	Impressionism	claude-monet
claude-monet_Impressionism	Impressionism	claude-monet
claude-monet_Impressionism	Impressionism	claude-monet
claude-monet_Impressionism	Impressionism	claude-monet
claude-monet_Impressionism	Impressionism	claude-monet
claude-monet_Impressionism	Impressionism	claude-monet
claude-monet_Impressionism	Impressionism	claude-monet
claude-monet_Impressionism	Impressionism	claude-monet
claude-monet_Impressionism	Impressionism	claude-monet
claude-monet_Impressionism	Impressionism	claude-monet
claude-monet_Impressionism	Impressionism	claude-monet
claude-monet_Impressionism	Impressionism	claude-monet
claude-monet_Impressionism	Impressionism	claude-monet
claude-monet_Impressionism	Impressionism	claude-monet
claude-monet_Impressionism	Impressionism	claude-monet
claude-monet_Impressionism	Impressionism	claude-monet
claude-monet_Impressionism	Impressionism	claude-monet
claude-monet_Impressionism	Impressionism	claude-monet
claude-monet_Impressionism	Impressionism	claude-monet
claude-monet_Impressionism	Impressionism	claude-monet
claude-monet_Impressionism	Impressionism	claude-monet
claude-monet_Impressionism	Impressionism	claude-monet
claude-monet_Impressionism	Impressionism	claude-monet
claude-monet_Impressionism	Impressionism	claude-monet
claude-monet_Impressionism	Impressionism	claude-monet
claude-monet_Impressionism	Impressionism	claude-monet
claude-monet_Impressionism	Impressionism	claude-monet
claude-monet_Impressionism	Impressionism	claude-monet
claude-monet_Impressionism	Impressionism	claude-monet
claude-monet_Impressionism	Impressionism	claude-monet
claude-monet_Impressionism	Impressionism	claude-monet
claude-monet_Impressionism	Impressionism	claude-monet
claude-monet_Impressionism	Impressionism	claude-monet
claude-monet_Impressionism	Impressionism	claude-monet
claude-monet_Impressionism	Impressionism	claude-monet
claude-monet_Impressionism	Impressionism	claude-monet
claude-monet_Impressionism	Impressionism	claude-monet
claude-monet_Impressionism	Impressionism	claude-monet
claude-monet_Impressionism	Impressionism	claude-monet
claude-monet_Impressionism	Impressionism	claude-monet
claude-monet_Impressionism	Impressionism	claude-monet
claude-monet_Impressionism	Impressionism	claude-monet
claude-monet_Impressionism	Impressionism	claude-monet
claude-monet_Impressionism	Impressionism	claude-monet
claude-monet_Impressionism	Impressionism	claude-monet
claude-monet_Impressionism	Impressionism	claude-monet
claude-monet_Impressionism	Impressionism	claude-monet
claude-monet_Impressionism	Impressionism	claude-monet
claude-monet_Impressionism	Impressionism	claude-monet
claude-monet_Impressionism	Impressionism	claude-monet
claude-monet_Impressionism	Impressionism	claude-monet
claude-monet_Impressionism	Impressionism	claude-monet
claude-monet_Impressionism	Impressionism	claude-monet
claude-monet_Impressionism	Impressionism	claude-monet
claude-monet_Impressionism	Impressionism	claude-monet
claude-monet_Impressionism	Impressionism	claude-monet
claude-monet_Impressionism	Impressionism	claude-monet
claude-monet_Impressionism	Impressionism	claude-monet
claude-monet_Impressionism	Impressionism	claude-monet
claude-monet_Impressionism	Impressionism	claude-monet
claude-monet_Impressionism	Impressionism	claude-monet
claude-monet_Impressionism	Impressionism	claude-monet
claude-monet_Impressionism	Impressionism	claude-monet
claude-monet_Impressionism	Impressionism	claude-monet
claude-monet_Impressionism	Impressionism	claude-monet
claude-monet_Impressionism	Impressionism	claude-monet
claude-monet_Impressionism	Impressionism	claude-monet
claude-monet_Impressionism	Impressionism	claude-monet
claude-monet_Impressionism	Impressionism	claude-monet
claude-monet_Impressionism	Impressionism	claude-monet
claude-monet_Impressionism	Impressionism	claude-monet
claude-monet_Impressionism	Impressionism	claude-monet
claude-monet_Impressionism	Impressionism	claude-monet
claude-monet_Impressionism	Impressionism	claude-monet
claude-monet_Impressionism	Impressionism	claude-monet
claude-monet_Impressionism	Impressionism	claude-monet
claude-monet_Impressionism	Impressionism	claude-monet
claude-monet_Impressionism	Impressionism	claude-monet
claude-monet_Impressionism	Impressionism	claude-monet
claude-monet_Impressionism	Impressionism	claude-monet
claude-monet_Impressionism	Impressionism	claude-monet
claude-monet_Impressionism	Impressionism	claude-monet
claude-monet_Impressionism	Impressionism	claude-monet
claude-monet_Impressionism	Impressionism	claude-monet
claude-monet_Impressionism	Impressionism	claude-monet
claude-monet_Impressionism	Impressionism	claude-monet
claude-monet_Impressionism	Impressionism	claude-monet
claude-monet_Impressionism	Impressionism	claude-monet
claude-monet_Impressionism	Impressionism	claude-monet
claude-monet_Impressionism	Impressionism	claude-monet
claude-monet_Impressionism	Impressionism	claude-monet
claude-monet_Impressionism	Impressionism	claude-monet
claude-monet_Impressionism	Impressionism	claude-monet
claude-monet_Impressionism	Impressionism	claude-monet
claude-monet_Impressionism	Impressionism	claude-monet
claude-monet_Impressionism	Impressionism	claude-monet
claude-monet_Impressionism	Impressionism	claude-monet
claude-monet_Impressionism	Impressionism	claude-monet
claude-monet_Impressionism	Impressionism	claude-monet
claude-monet_Impressionism	Impressionism	claude-monet
claude-monet_Impressionism	Impressionism	claude-monet
claude-monet_Impressionism	Impressionism	claude-monet
claude-monet_Impressionism	Impressionism	claude-monet
claude-monet_Impressionism	Impressionism	claude-monet
claude-monet_Impressionism	Impressionism	claude-monet
claude-monet_Impressionism	Impressionism	claude-monet
claude-monet_Impressionism	Impressionism	claude-monet
claude-monet_Impressionism	Impressionism	claude-monet
claude-monet_Impressionism	Impressionism	claude-monet
claude-monet_Impressionism	Impressionism	claude-monet
claude-monet_Impressionism	Impressionism	claude-monet
claude-monet_Impressionism	Impressionism	claude-monet
claude-monet_Impressionism	Impressionism	claude-monet
claude-monet_Impressionism	Impressionism	claude-monet
claude-monet_Impressionism	Impressionism	claude-monet
claude-monet_Impressionism	Impressionism	claude-monet
claude-monet_Impressionism	Impressionism	claude-monet
claude-monet_Impressionism	Impressionism	claude-monet
claude-monet_Impressionism	Impressionism	claude-monet
claude-monet_Impressionism	Impressionism	claude-monet
claude-monet_Impressionism	Impressionism	claude-monet
claude-monet_Impressionism	Impressionism	claude-monet
claude-monet_Impressionism	Impressionism	claude-monet
claude-monet_Impressionism	Impressionism	claude-monet
claude-monet_Impressionism	Impressionism	claude-monet
claude-monet_Impressionism	Impressionism	claude-monet
claude-monet_Impressionism	Impressionism	claude-monet
claude-monet_Impressionism	Impressionism	claude-monet
claude-monet_Impressionism	Impressionism	claude-monet
claude-monet_Impressionism	Impressionism	claude-monet
claude-monet_Impressionism	Impressionism	claude-monet
claude-monet_Impressionism	Impressionism	claude-monet
claude-monet_Impressionism	Impressionism	claude-monet
claude-monet_Impressionism	Impressionism	claude-monet
claude-monet_Impressionism	Impressionism	claude-monet
claude-monet_Impressionism	Impressionism	claude-monet
claude-monet_Impressionism	Impressionism	claude-monet
claude-monet_Impressionism	Impressionism	claude-monet
claude-monet_Impressionism	Impressionism	claude-monet
claude-monet_Impressionism	Impressionism	claude-monet
claude-monet_Impressionism	Impressionism	claude-monet
claude-monet_Impressionism	Impressionism	claude-monet
claude-monet_Impressionism	Impressionism	claude-monet
claude-monet_Impressionism	Impressionism	claude-monet
claude-monet_Impressionism	Impressionism	claude-monet
claude-monet_Impressionism	Impressionism	claude-monet
claude-monet_Impressionism	Impressionism	claude-monet
claude-monet_Impressionism	Impressionism	claude-monet
claude-monet_Impressionism	Impressionism	claude-monet
claude-monet_Impressionism	Impressionism	claude-monet
claude-monet_Impressionism	Impressionism	claude-monet
claude-monet_Impressionism	Impressionism	claude-monet
claude-monet_Impressionism	Impressionism	claude-monet
claude-monet_Impressionism	Impressionism	claude-monet
claude-monet_Impressionism	Impressionism	claude-monet
claude-monet_Impressionism	Impressionism	claude-monet
claude-monet_Impressionism	Impressionism	claude-monet
claude-monet_Impressionism	Impressionism	claude-monet
claude-monet_Impressionism	Impressionism	claude-monet
claude-monet_Impressionism	Impressionism	claude-monet
claude-monet_Impressionism	Impressionism	claude-monet
claude-monet_Impressionism	Impressionism	claude-monet
claude-monet_Impressionism	Impressionism	claude-monet
claude-monet_Impressionism	Impressionism	claude-monet
claude-monet_Impressionism	Impressionism	claude-monet
claude-monet_Impressionism	Impressionism	claude-monet
claude-monet_Impressionism	Impressionism	claude-monet
claude-monet_Impressionism	Impressionism	claude-monet
claude-monet_Impressionism	Impressionism	claude-monet
claude-monet_Impressionism	Impressionism	claude-monet
claude-monet_Impressionism	Impressionism	claude-monet
claude-monet_Impressionism	Impressionism	claude-monet
claude-monet_Impressionism	Impressionism	claude-monet
claude-monet_Impressionism	Impressionism	claude-monet
claude-monet_Impressionism	Impressionism	claude-monet
claude-monet_Impressionism	Impressionism	claude-monet
claude-monet_Impressionism	Impressionism	claude-monet
claude-monet_Impressionism	Impressionism	claude-monet
claude-monet_Impressionism	Impressionism	claude-monet
claude-monet_Impressionism	Impressionism	claude-monet
claude-monet_Impressionism	Impressionism	claude-monet
claude-monet_Impressionism	Impressionism	claude-monet
claude-monet_Impressionism	Impressionism	claude-monet
claude-monet_Impressionism	Impressionism	claude-monet
claude-monet_Impressionism	Impressionism	claude-monet
claude-monet_Impressionism	Impressionism	claude-monet
claude-monet_Impressionism	Impressionism	claude-monet
claude-monet_Impressionism	Impressionism	claude-monet
claude-monet_Impressionism	Impressionism	claude-monet
claude-monet_Impressionism	Impressionism	claude-monet
claude-monet_Impressionism	Impressionism	claude-monet
claude-monet_Impressionism	Impressionism	claude-monet
claude-monet_Impressionism	Impressionism	claude-monet
claude-monet_Impressionism	Impressionism	claude-monet
claude-monet_Impressionism	Impressionism	claude-monet
claude-monet_Impressionism	Impressionism	claude-monet
claude-monet_Impressionism	Impressionism	claude-monet
claude-monet_Impressionism	Impressionism	claude-monet
claude-monet_Impressionism	Impressionism	claude-monet
claude-monet_Impressionism	Impressionism	claude-monet
claude-monet_Impressionism	Impressionism	claude-monet
claude-monet_Impressionism	Impressionism	claude-monet
claude-monet_Impressionism	Impressionism	claude-monet
claude-monet_Impressionism	Impressionism	claude-monet
claude-monet_Impressionism	Impressionism	claude-monet
claude-monet_Impressionism	Impressionism	claude-monet
claude-monet_Impressionism	Impressionism	claude-monet
claude-monet_Impressionism	Impressionism	claude-monet
claude-monet_Impressionism	Impressionism	claude-monet
claude-monet_Impressionism	Impressionism	claude-monet
claude-monet_Impressionism	Impressionism	claude-monet
claude-monet_Impressionism	Impressionism	claude-monet
claude-monet_Impressionism	Impressionism	claude-monet
claude-monet_Impressionism	Impressionism	claude-monet
claude-monet_Impressionism	Impressionism	claude-monet
claude-monet_Impressionism	Impressionism	claude-monet
claude-monet_Impressionism	Impressionism	claude-monet
claude-monet_Impressionism	Impressionism	claude-monet
claude-monet_Impressionism	Impressionism	claude-monet
claude-monet_Impressionism	Impressionism	claude-monet
claude-monet_Impressionism	Impressionism	claude-monet
claude-monet_Impressionism	Impressionism	claude-monet
claude-monet_Impressionism	Impressionism	claude-monet
claude-monet_Impressionism	Impressionism	claude-monet
claude-monet_Impressionism	Impressionism	claude-monet
claude-monet_Impressionism	Impressionism	claude-monet
claude-monet_Impressionism	Impressionism	claude-monet
claude-monet_Impressionism	Impressionism	claude-monet
claude-monet_Impressionism	Impressionism	claude-monet
claude-monet_Impressionism	Impressionism	claude-monet
claude-monet_Impressionism	Impressionism	claude-monet
claude-monet_Impressionism	Impressionism	claude-monet
claude-monet_Impressionism	Impressionism	claude-monet
claude-monet_Impressionism	Impressionism	claude-monet
claude-monet_Impressionism	Impressionism	claude-monet
claude-monet_Impressionism	Impressionism	claude-monet
claude-monet_Impressionism	Impressionism	claude-monet
claude-monet_Impressionism	Impressionism	claude-monet
claude-monet_Impressionism	Impressionism	claude-monet
claude-monet_Impressionism	Impressionism	claude-monet
claude-monet_Impressionism	Impressionism	claude-monet
claude-monet_Impressionism	Impressionism	claude-monet
claude-monet_Impressionism	Impressionism	claude-monet
claude-monet_Impressionism	Impressionism	claude-monet
claude-monet_Impressionism	Impressionism	claude-monet
claude-monet_Impressionism	Impressionism	claude-monet
claude-monet_Impressionism	Impressionism	claude-monet
claude-monet_Impressionism	Impressionism	claude-monet
claude-monet_Impressionism	Impressionism	claude-monet
claude-monet_Impressionism	Impressionism	claude-monet
claude-monet_Impressionism	Impressionism	claude-monet
claude-monet_Impressionism	Impressionism	claude-monet
claude-monet_Impressionism	Impressionism	claude-monet
claude-monet_Impressionism	Impressionism	claude-monet
claude-monet_Impressionism	Impressionism	claude-monet
claude-monet_Impressionism	Impressionism	claude-monet
claude-monet_Impressionism	Impressionism	claude-monet
claude-monet_Impressionism	Impressionism	claude-monet
claude-monet_Impressionism	Impressionism	claude-monet
claude-monet_Impressionism	Impressionism	claude-monet
claude-monet_Impressionism	Impressionism	claude-monet
claude-monet_Impressionism	Impressionism	claude-monet
claude-monet_Impressionism	Impressionism	claude-monet
claude-monet_Impressionism	Impressionism	claude-monet
claude-monet_Impressionism	Impressionism	claude-monet
claude-monet_Impressionism	Impressionism	claude-monet
claude-monet_Impressionism	Impressionism	claude-monet
claude-monet_Impressionism	Impressionism	claude-monet
claude-monet_Impressionism	Impressionism	claude-monet
claude-monet_Impressionism	Impressionism	claude-monet
claude-monet_Impressionism	Impressionism	claude-monet
claude-monet_Impressionism	Impressionism	claude-monet
claude-monet_Impressionism	Impressionism	claude-monet
claude-monet_Impressionism	Impressionism	claude-monet
claude-monet_Impressionism	Impressionism	claude-monet
claude-monet_Impressionism	Impressionism	claude-monet
claude-monet_Impressionism	Impressionism	claude-monet
claude-monet_Impressionism	Impressionism	claude-monet
claude-monet_Impressionism	Impressionism	claude-monet
claude-monet_Impressionism	Impressionism	claude-monet
claude-monet_Impressionism	Impressionism	claude-monet
claude-monet_Impressionism	Impressionism	claude-monet
claude-monet_Impressionism	Impressionism	claude-monet
claude-monet_Impressionism	Impressionism	claude-monet
claude-monet_Impressionism	Impressionism	claude-monet
claude-monet_Impressionism	Impressionism	claude-monet
claude-monet_Impressionism	Impressionism	claude-monet
claude-monet_Impressionism	Impressionism	claude-monet
claude-monet_Impressionism	Impressionism	claude-monet
claude-monet_Impressionism	Impressionism	claude-monet
claude-monet_Impressionism	Impressionism	claude-monet
claude-monet_Impressionism	Impressionism	claude-monet
claude-monet_Impressionism	Impressionism	claude-monet
claude-monet_Impressionism	Impressionism	claude-monet
claude-monet_Impressionism	Impressionism	claude-monet
claude-monet_Impressionism	Impressionism	claude-monet
claude-monet_Impressionism	Impressionism	claude-monet
claude-monet_Impressionism	Impressionism	claude-monet
claude-monet_Impressionism	Impressionism	claude-monet
claude-monet_Impressionism	Impressionism	claude-monet
claude-monet_Impressionism	Impressionism	claude-monet
claude-monet_Impressionism	Impressionism	claude-monet
claude-monet_Impressionism	Impressionism	claude-monet
claude-monet_Impressionism	Impressionism	claude-monet
claude-monet_Impressionism	Impressionism	claude-monet
claude-monet_Impressionism	Impressionism	claude-monet
claude-monet_Impressionism	Impressionism	claude-monet
claude-monet_Impressionism	Impressionism	claude-monet
claude-monet_Impressionism	Impressionism	claude-monet
claude-monet_Impressionism	Impressionism	claude-monet
claude-monet_Impressionism	Impressionism	claude-monet
claude-monet_Impressionism	Impressionism	claude-monet
claude-monet_Impressionism	Impressionism	claude-monet
claude-monet_Impressionism	Impressionism	claude-monet
claude-monet_Impressionism	Impressionism	claude-monet
claude-monet_Impressionism	Impressionism	claude-monet
claude-monet_Impressionism	Impressionism	claude-monet
claude-monet_Impressionism	Impressionism	claude-monet
claude-monet_Impressionism	Impressionism	claude-monet
claude-monet_Impressionism	Impressionism	claude-monet
claude-monet_Impressionism	Impressionism	claude-monet
claude-monet_Impressionism	Impressionism	claude-monet
claude-monet_Impressionism	Impressionism	claude-monet
claude-monet_Impressionism	Impressionism	claude-monet
claude-monet_Impressionism	Impressionism	claude-monet
claude-monet_Impressionism	Impressionism	claude-monet
claude-monet_Impressionism	Impressionism	claude-monet
claude-monet_Impressionism	Impressionism	claude-monet
claude-monet_Impressionism	Impressionism	claude-monet
claude-monet_Impressionism	Impressionism	claude-monet
claude-monet_Impressionism	Impressionism	claude-monet
claude-monet_Impressionism	Impressionism	claude-monet
claude-monet_Impressionism	Impressionism	claude-monet
claude-monet_Impressionism	Impressionism	claude-monet
claude-monet_Impressionism	Impressionism	claude-monet
claude-monet_Impressionism	Impressionism	claude-monet
claude-monet_Impressionism	Impressionism	claude-monet
claude-monet_Impressionism	Impressionism	claude-monet
claude-monet_Impressionism	Impressionism	claude-monet
claude-monet_Impressionism	Impressionism	claude-monet
claude-monet_Impressionism	Impressionism	claude-monet
claude-monet_Impressionism	Impressionism	claude-monet
claude-monet_Impressionism	Impressionism	claude-monet
claude-monet_Impressionism	Impressionism	claude-monet
claude-monet_Impressionism	Impressionism	claude-monet
claude-monet_Impressionism	Impressionism	claude-monet
claude-monet_Impressionism	Impressionism	claude-monet
claude-monet_Impressionism	Impressionism	claude-monet
claude-monet_Impressionism	Impressionism	claude-monet
claude-monet_Impressionism	Impressionism	claude-monet
claude-monet_Impressionism	Impressionism	claude-monet
claude-monet_Impressionism	Impressionism	claude-monet
claude-monet_Impressionism	Impressionism	claude-monet
claude-monet_Impressionism	Impressionism	claude-monet
claude-monet_Impressionism	Impressionism	claude-monet
claude-monet_Impressionism	Impressionism	claude-monet
claude-monet_Impressionism	Impressionism	claude-monet
claude-monet_Impressionism	Impressionism	claude-monet
claude-monet_Impressionism	Impressionism	claude-monet
claude-monet_Impressionism	Impressionism	claude-monet
claude-monet_Impressionism	Impressionism	claude-monet
claude-monet_Impressionism	Impressionism	claude-monet
claude-monet_Impressionism	Impressionism	claude-monet
claude-monet_Impressionism	Impressionism	claude-monet
pablo-picasso_Cubism	Cubism	pablo-picasso
pablo-picasso_Cubism	Cubism	pablo-picasso
pablo-picasso_Cubism	Cubism	pablo-picasso
pablo-picasso_Cubism	Cubism	pablo-picasso
pablo-picasso_Cubism	Cubism	pablo-picasso
pablo-picasso_Cubism	Cubism	pablo-picasso
pablo-picasso_Cubism	Cubism	pablo-picasso
pablo-picasso_Cubism	Cubism	pablo-picasso
pablo-picasso_Cubism	Cubism	pablo-picasso
pablo-picasso_Cubism	Cubism	pablo-picasso
pablo-picasso_Cubism	Cubism	pablo-picasso
pablo-picasso_Cubism	Cubism	pablo-picasso
pablo-picasso_Cubism	Cubism	pablo-picasso
pablo-picasso_Cubism	Cubism	pablo-picasso
pablo-picasso_Cubism	Cubism	pablo-picasso
pablo-picasso_Cubism	Cubism	pablo-picasso
pablo-picasso_Cubism	Cubism	pablo-picasso
pablo-picasso_Cubism	Cubism	pablo-picasso
pablo-picasso_Cubism	Cubism	pablo-picasso
pablo-picasso_Cubism	Cubism	pablo-picasso
pablo-picasso_Cubism	Cubism	pablo-picasso
pablo-picasso_Cubism	Cubism	pablo-picasso
pablo-picasso_Cubism	Cubism	pablo-picasso
pablo-picasso_Cubism	Cubism	pablo-picasso
pablo-picasso_Cubism	Cubism	pablo-picasso
pablo-picasso_Cubism	Cubism	pablo-picasso
pablo-picasso_Cubism	Cubism	pablo-picasso
pablo-picasso_Cubism	Cubism	pablo-picasso
pablo-picasso_Cubism	Cubism	pablo-picasso
pablo-picasso_Cubism	Cubism	pablo-picasso
pablo-picasso_Cubism	Cubism	pablo-picasso
pablo-picasso_Cubism	Cubism	pablo-picasso
pablo-picasso_Cubism	Cubism	pablo-picasso
pablo-picasso_Cubism	Cubism	pablo-picasso
pablo-picasso_Cubism	Cubism	pablo-picasso
pablo-picasso_Cubism	Cubism	pablo-picasso
pablo-picasso_Cubism	Cubism	pablo-picasso
pablo-picasso_Cubism	Cubism	pablo-picasso
pablo-picasso_Cubism	Cubism	pablo-picasso
pablo-picasso_Cubism	Cubism	pablo-picasso
pablo-picasso_Cubism	Cubism	pablo-picasso
pablo-picasso_Cubism	Cubism	pablo-picasso
pablo-picasso_Cubism	Cubism	pablo-picasso
pablo-picasso_Cubism	Cubism	pablo-picasso
pablo-picasso_Cubism	Cubism	pablo-picasso
pablo-picasso_Cubism	Cubism	pablo-picasso
pablo-picasso_Cubism	Cubism	pablo-picasso
pablo-picasso_Cubism	Cubism	pablo-picasso
pablo-picasso_Cubism	Cubism	pablo-picasso
pablo-picasso_Cubism	Cubism	pablo-picasso
pablo-picasso_Cubism	Cubism	pablo-picasso
pablo-picasso_Cubism	Cubism	pablo-picasso
pablo-picasso_Cubism	Cubism	pablo-picasso
pablo-picasso_Cubism	Cubism	pablo-picasso
pablo-picasso_Cubism	Cubism	pablo-picasso
pablo-picasso_Cubism	Cubism	pablo-picasso
pablo-picasso_Cubism	Cubism	pablo-picasso
pablo-picasso_Cubism	Cubism	pablo-picasso
pablo-picasso_Cubism	Cubism	pablo-picasso
pablo-picasso_Cubism	Cubism	pablo-picasso
pablo-picasso_Cubism	Cubism	pablo-picasso
pablo-picasso_Cubism	Cubism	pablo-picasso
pablo-picasso_Cubism	Cubism	pablo-picasso
pablo-picasso_Cubism	Cubism	pablo-picasso
pablo-picasso_Cubism	Cubism	pablo-picasso
pablo-picasso_Cubism	Cubism	pablo-picasso
pablo-picasso_Cubism	Cubism	pablo-picasso
pablo-picasso_Cubism	Cubism	pablo-picasso
pablo-picasso_Cubism	Cubism	pablo-picasso
pablo-picasso_Cubism	Cubism	pablo-picasso
pablo-picasso_Cubism	Cubism	pablo-picasso
pablo-picasso_Cubism	Cubism	pablo-picasso
pablo-picasso_Cubism	Cubism	pablo-picasso
pablo-picasso_Cubism	Cubism	pablo-picasso
pablo-picasso_Cubism	Cubism	pablo-picasso
pablo-picasso_Cubism	Cubism	pablo-picasso
pablo-picasso_Cubism	Cubism	pablo-picasso
pablo-picasso_Cubism	Cubism	pablo-picasso
pablo-picasso_Cubism	Cubism	pablo-picasso
pablo-picasso_Cubism	Cubism	pablo-picasso
pablo-picasso_Cubism	Cubism	pablo-picasso
pablo-picasso_Cubism	Cubism	pablo-picasso
pablo-picasso_Cubism	Cubism	pablo-picasso
pablo-picasso_Cubism	Cubism	pablo-picasso
pablo-picasso_Cubism	Cubism	pablo-picasso
pablo-picasso_Cubism	Cubism	pablo-picasso
pablo-picasso_Cubism	Cubism	pablo-picasso
pablo-picasso_Cubism	Cubism	pablo-picasso
pablo-picasso_Cubism	Cubism	pablo-picasso
pablo-picasso_Cubism	Cubism	pablo-picasso
pablo-picasso_Cubism	Cubism	pablo-picasso
pablo-picasso_Cubism	Cubism	pablo-picasso
pablo-picasso_Cubism	Cubism	pablo-picasso
pablo-picasso_Cubism	Cubism	pablo-picasso
pablo-picasso_Cubism	Cubism	pablo-picasso
pablo-picasso_Cubism	Cubism	pablo-picasso
pablo-picasso_Cubism	Cubism	pablo-picasso
pablo-picasso_Cubism	Cubism	pablo-picasso
pablo-picasso_Cubism	Cubism	pablo-picasso
pablo-picasso_Cubism	Cubism	pablo-picasso
pablo-picasso_Cubism	Cubism	pablo-picasso
pablo-picasso_Cubism	Cubism	pablo-picasso
pablo-picasso_Cubism	Cubism	pablo-picasso
pablo-picasso_Cubism	Cubism	pablo-picasso
pablo-picasso_Cubism	Cubism	pablo-picasso
pablo-picasso_Cubism	Cubism	pablo-picasso
pablo-picasso_Cubism	Cubism	pablo-picasso
pablo-picasso_Cubism	Cubism	pablo-picasso
pablo-picasso_Cubism	Cubism	pablo-picasso
pablo-picasso_Cubism	Cubism	pablo-picasso
pablo-picasso_Cubism	Cubism	pablo-picasso
pablo-picasso_Cubism	Cubism	pablo-picasso
pablo-picasso_Cubism	Cubism	pablo-picasso
pablo-picasso_Cubism	Cubism	pablo-picasso
pablo-picasso_Cubism	Cubism	pablo-picasso
pablo-picasso_Cubism	Cubism	pablo-picasso
pablo-picasso_Cubism	Cubism	pablo-picasso
pablo-picasso_Cubism	Cubism	pablo-picasso
pablo-picasso_Cubism	Cubism	pablo-picasso
pablo-picasso_Cubism	Cubism	pablo-picasso
pablo-picasso_Cubism	Cubism	pablo-picasso
pablo-picasso_Cubism	Cubism	pablo-picasso
pablo-picasso_Cubism	Cubism	pablo-picasso
pablo-picasso_Cubism	Cubism	pablo-picasso
pablo-picasso_Cubism	Cubism	pablo-picasso
pablo-picasso_Cubism	Cubism	pablo-picasso
pablo-picasso_Cubism	Cubism	pablo-picasso
pablo-picasso_Cubism	Cubism	pablo-picasso
pablo-picasso_Cubism	Cubism	pablo-picasso
pablo-picasso_Cubism	Cubism	pablo-picasso
pablo-picasso_Cubism	Cubism	pablo-picasso
pablo-picasso_Cubism	Cubism	pablo-picasso
pablo-picasso_Cubism	Cubism	pablo-picasso
pablo-picasso_Cubism	Cubism	pablo-picasso
pablo-picasso_Cubism	Cubism	pablo-picasso
pablo-picasso_Cubism	Cubism	pablo-picasso
pablo-picasso_Cubism	Cubism	pablo-picasso
pablo-picasso_Cubism	Cubism	pablo-picasso
pablo-picasso_Cubism	Cubism	pablo-picasso
pablo-picasso_Cubism	Cubism	pablo-picasso
pablo-picasso_Cubism	Cubism	pablo-picasso
pablo-picasso_Cubism	Cubism	pablo-picasso
pablo-picasso_Cubism	Cubism	pablo-picasso
pablo-picasso_Cubism	Cubism	pablo-picasso
pablo-picasso_Cubism	Cubism	pablo-picasso
pablo-picasso_Cubism	Cubism	pablo-picasso
pablo-picasso_Cubism	Cubism	pablo-picasso
pablo-picasso_Cubism	Cubism	pablo-picasso
pablo-picasso_Cubism	Cubism	pablo-picasso
pablo-picasso_Cubism	Cubism	pablo-picasso
pablo-picasso_Cubism	Cubism	pablo-picasso
pablo-picasso_Cubism	Cubism	pablo-picasso
pablo-picasso_Cubism	Cubism	pablo-picasso
pablo-picasso_Cubism	Cubism	pablo-picasso
pablo-picasso_Cubism	Cubism	pablo-picasso
pablo-picasso_Cubism	Cubism	pablo-picasso
pablo-picasso_Cubism	Cubism	pablo-picasso
pablo-picasso_Cubism	Cubism	pablo-picasso
pablo-picasso_Cubism	Cubism	pablo-picasso
pablo-picasso_Cubism	Cubism	pablo-picasso
pablo-picasso_Cubism	Cubism	pablo-picasso
pablo-picasso_Cubism	Cubism	pablo-picasso
pablo-picasso_Cubism	Cubism	pablo-picasso
pablo-picasso_Cubism	Cubism	pablo-picasso
pablo-picasso_Cubism	Cubism	pablo-picasso
pablo-picasso_Cubism	Cubism	pablo-picasso
pablo-picasso_Cubism	Cubism	pablo-picasso
pablo-picasso_Cubism	Cubism	pablo-picasso
pablo-picasso_Cubism	Cubism	pablo-picasso
pablo-picasso_Cubism	Cubism	pablo-picasso
pablo-picasso_Cubism	Cubism	pablo-picasso
pablo-picasso_Cubism	Cubism	pablo-picasso
pablo-picasso_Cubism	Cubism	pablo-picasso
pablo-picasso_Cubism	Cubism	pablo-picasso
pablo-picasso_Cubism	Cubism	pablo-picasso
pablo-picasso_Cubism	Cubism	pablo-picasso
pablo-picasso_Cubism	Cubism	pablo-picasso
pablo-picasso_Cubism	Cubism	pablo-picasso
pablo-picasso_Cubism	Cubism	pablo-picasso
pablo-picasso_Cubism	Cubism	pablo-picasso
pablo-picasso_Cubism	Cubism	pablo-picasso
pablo-picasso_Cubism	Cubism	pablo-picasso
pablo-picasso_Cubism	Cubism	pablo-picasso
pablo-picasso_Cubism	Cubism	pablo-picasso
pablo-picasso_Cubism	Cubism	pablo-picasso
pablo-picasso_Cubism	Cubism	pablo-picasso
pablo-picasso_Cubism	Cubism	pablo-picasso
pablo-picasso_Cubism	Cubism	pablo-picasso
pablo-picasso_Cubism	Cubism	pablo-picasso
pablo-picasso_Cubism	Cubism	pablo-picasso
pablo-picasso_Cubism	Cubism	pablo-picasso
pablo-picasso_Cubism	Cubism	pablo-picasso
pablo-picasso_Cubism	Cubism	pablo-picasso
pablo-picasso_Cubism	Cubism	pablo-picasso
pablo-picasso_Cubism	Cubism	pablo-picasso
pablo-picasso_Cubism	Cubism	pablo-picasso
pablo-picasso_Cubism	Cubism	pablo-picasso
pablo-picasso_Cubism	Cubism	pablo-picasso
pablo-picasso_Cubism	Cubism	pablo-picasso
pablo-picasso_Cubism	Cubism	pablo-picasso
pablo-picasso_Cubism	Cubism	pablo-picasso
pablo-picasso_Cubism	Cubism	pablo-picasso
pablo-picasso_Cubism	Cubism	pablo-picasso
